Workbook

Sheet Phuong phap
A1: TỔNG HỢP CÁC PHƯƠNG PHÁP SỬ DỤNG CHO HOẠT ĐỘNG QUAN TRẮC MÔI TRƯỜNG NƯỚC THẢI
A2: Số TT | B2: Thông số quan trắc | C2: Phương pháp sử dụng
A3: A | B3: HOẠT ĐỘNG QUAN TRẮC VÀ PHÂN TÍCH MÔI TRƯỜNG NƯỚC THẢI
A4: 1 | B4: Nhiệt độ | C4: SMEWW 2550B:2012
A5: 2 | B5: pH | C5: TCVN 6492:2011
A6: 3 | B6: Lưu lượng thải
A7: 4 | B7: TDS | C7: SMEWW 2540C:2012
A8: 5 | B8: Độ màu | C8: TCVN 6185: 2008
A9: 6 | B9: Nhu cầu oxy sinh hoá (BOD5) | C9: SMEWW 5210B: 2012
A10: 7 | B10: Nhu cầu oxy hoá học (COD) | C10: SMEWW 5220C: 2012
A11: 8 | B11: Chất rắn lơ lửng (SS) | C11: TCVN 6625-2000
A12: 9 | B12: Coliform. E.Coli | C12: TCVN 6187-1-2009
A13: 10 | B13: Coliform, E.Coli | C13: TCVN 6187-2- 2009
A14: 11 | B14: Tổng Dầu, mỡ khoáng | C14: SMEWW 5520B,C: 2012
A15: 12 | B15: Cyanua (CN-) | C15: TCVN 6181: 1996
A16: 13 | B16: Tổng P | C16: TCVN 6202: 2008
A17: 14 | B17: Tổng N | C17: TCVN 6638:2000
A18: 15 | B18: Nitơ amôn (NH4+) | C18: TCVN 6179-1:1996
... A36: 33 | B36: Phân tích đồng thời các kim loại | C36: TCVN 6665: 2011

Sheet DGL
A1: ĐƠN GIÁ TIỀN LƯƠNG LAO ĐỘNG KỸ THUẬT
A2: - Hệ số lương theo Nghị định số 204/2004/NĐ-CP ngày 14 tháng 12 năm 2004 của Chính phủ về chế độ tiền lương đối với cán bộ công chức, viên chức và lực lượng vũ trang và chế độ phụ cấp lương trong các công ty nhà nước; - Mức đóng các khoản bảo hiểm (BHXH, BHYT, BHTN) theo quy định tại Luật Bảo hiểm xã hội năm 2006; - Mức lương tối thiểu theo Nghị định số 99/2015/QH13 ngày 11 tháng 11 năm 2015 của Quốc hội khóa 13 quy định mức lương tối thiểu chung là 1.300.000 đồng /tháng; - Số ngày công trong 1 tháng là: 26 ngày
J3: 26 | K3: 1300000
A4: Số TT | B4: Mã hiệu | C4: Chức danh | D4: Hệ số lương | E4: Lương cấp bậc | F4: Lương phụ 11% | G4: Phụ cấp Lưu động (0,4) | H4: Phụ cấp Độc hại (0,1) | I4: Phụ cấp tổ trưởng 0,2/5 | J4: BHXH, YT, TN, KPCĐ | K4: Tổng cộng lương tháng | L4: Đơn giá tiền lương
A6: (1) | C6: (2) | D6: (3) | E6: (4) | F6: (5) = 11%*(4) | G6: (6) | H6: (7) | I6: (8) | J6: (9) = 23.5%*(4) | K6: (10)=9+4+5+6+7+8 | L6: (11)=(10)/26
A7: I | C7: NGOẠI NGHIỆP | F7: 0.11 | G7: 0.4 | H7: 0.1 | J7: 0.235
A8: 1 | B8: 1QTVTNMT hạng IV.2 | C8: Quan trắc viên tài nguyên môi trường hạng IV bậc 2 | D8: 2.41 | E8: =$K$3*D8 -> 3133000 | F8: =E8*$F$7 -> 344630 | G8: =$K$3*$G$7 -> 520000 | H8: =$K$3*$H$7 -> 130000 | I8: =$K$3*0/5 -> 0 | J8: =E8*$J$7 -> 736255 | K8: =SUM(E8:J8) -> 4863885 | L8: =K8/$J$3 -> 187072.5
A9: 2 | B9: 1QTVTNMT hạng IV.3 | C9: Quan trắc viên tài nguyên môi trường hạng IV bậc 3 | D9: 2.72 | E9: =$K$3*D9 -> 3536000 | F9: =E9*$F$7 -> 388960 | G9: =$K$3*$G$7 -> 520000 | H9: =$K$3*$H$7 -> 130000 | I9: =$K$3*0/5 -> 0 | J9: =E9*$J$7 -> 830960 | K9: =SUM(E9:J9) -> 5405920 | L9: =K9/$J$3 -> 207920
A10: 3 | B10: 1QTVTNMT hạng III.1 | C10: Quan trắc viên tài nguyên môi trường hạng III bậc 1 | D10: 2.34 | E10: =$K$3*D10 -> 3042000 | F10: =E10*$F$7 -> 334620 | G10: =$K$3*$G$7 -> 520000 | H10: =$K$3*$H$7 -> 130000 | I10: =$K$3*0/5 -> 0 | J10: =E10*$J$7 -> 714870 | K10: =SUM(E10:J10) -> 4741490 | L10: =K10/$J$3 -> 182365
A11: 4 | B11: 1QTVTNMT hạng III.2 | C11: Quan trắc viên tài nguyên môi trường hạng III bậc 2 | D11: 2.67 | E11: =$K$3*D11 -> 3471000 | F11: =E11*$F$7 -> 381810 | G11: =$K$3*$G$7 -> 520000 | H11: =$K$3*$H$7 -> 130000 | I11: =$K$3*0/5 -> 0 | J11: =E11*$J$7 -> 815685 | K11: =SUM(E11:J11) -> 5318495 | L11: =K11/$J$3 -> 204557.5
A12: 5 | B12: 1QTVTNMT hạng III.3 | C12: Quan trắc viên tài nguyên môi trường hạng III bậc 3 | D12: 3 | E12: =$K$3*D12 -> 3900000 | F12: =E12*$F$7 -> 429000 | G12: =$K$3*$G$7 -> 520000 | H12: =$K$3*$H$7 -> 130000 | I12: =$K$3*0/5 -> 0 | J12: =E12*$J$7 -> 916500 | K12: =SUM(E12:J12) -> 5895500 | L12: =K12/$J$3 -> 226750
A13: 6 | B13: 1QTVTNMT hạng III.4 | C13: Quan trắc viên tài nguyên môi trường hạng III bậc 4 | D13: 3.33 | E13: =$K$3*D13 -> 4329000 | F13: =E13*$F$7 -> 476190 | G13: =$K$3*$G$7 -> 520000 | H13: =$K$3*$H$7 -> 130000 | I13: =$K$3*0/5 -> 0 | J13: =E13*$J$7 -> 1017315 | K13: =SUM(E13:J13) -> 6472505 | L13: =K13/$J$3 -> 248942.5
A14: II | C14: NỘI NGHIỆP
A15: 1 | B15: 1QTVTNMT hạng IV.2a | C15: Quan trắc viên tài nguyên môi trường hạng IV bậc 2 | D15: 2.41 | E15: =$K$3*D15 -> 3133000 | F15: =E15*$F$7 -> 344630 | G15: =0*$K$3 -> 0 | H15: =$K$3*$H$7 -> 130000 | I15: =$K$3*0/5 -> 0 | J15: =E15*$J$7 -> 736255 | K15: =SUM(E15:J15) -> 4343885 | L15: =K15/$J$3 -> 167072.5
A16: 2 | B16: 1QTVTNMT hạng III.1a | C16: Quan trắc viên tài nguyên môi trường hạng III bậc 1 | D16: 2.34 | E16: =$K$3*D16 -> 3042000 | F16: =E16*$F$7 -> 334620 | G16: 0 | H16: =$K$3*$H$7 -> 130000 | I16: =$K$3*0/5 -> 0 | J16: =E16*$J$7 -> 714870 | K16: =SUM(E16:J16) -> 4221490 | L16: =K16/$J$3 -> 162365
A17: 3 | B17: 1QTVTNMT hạng III.2a | C17: Quan trắc viên tài nguyên môi trường hạng III bậc 2 | D17: 2.67 | E17: =$K$3*D17 -> 3471000 | F17: =E17*$F$7 -> 381810 | G17: =0*$K$3 -> 0 | H17: =$K$3*$H$7 -> 130000 | I17: =$K$3*0/5 -> 0 | J17: =E17*$J$7 -> 815685 | K17: =SUM(E17:J17) -> 4798495 | L17: =K17/$J$3 -> 184557.5
A18: 4 | B18: 1QTVTNMT hạng III.3a | C18: Quan trắc viên tài nguyên môi trường hạng III bậc 3 | D18: 3 | E18: =$K$3*D18 -> 3900000 | F18: =E18*$F$7 -> 429000 | G18: =0*$K$3 -> 0 | H18: =$K$3*$H$7 -> 130000 | I18: =$K$3*0/5 -> 0 | J18: =E18*$J$7 -> 916500 | K18: =SUM(E18:J18) -> 5375500 | L18: =K18/$J$3 -> 206750
A19: 5 | B19: 1QTVTNMT hạng III.4a | C19: Quan trắc viên tài nguyên môi trường hạng III bậc 4 | D19: 3.33 | E19: =$K$3*D19 -> 4329000 | F19: =E19*$F$7 -> 476190 | G19: =0*$K$3 -> 0 | H19: =$K$3*$H$7 -> 130000 | I19: =$K$3*0/5 -> 0 | J19: =E19*$J$7 -> 1017315 | K19: =SUM(E19:J19) -> 5952505 | L19: =K19/$J$3 -> 228942.5
A20: 6 | B20: 1QTVTNMT hạng III.5a | C20: Quan trắc viên tài nguyên môi trường hạng III bậc 5 | D20: 3.66 | E20: =$K$3*D20 -> 4758000 | F20: =E20*$F$7 -> 523380 | G20: =0*$K$3 -> 0 | H20: =$K$3*$H$7 -> 130000 | I20: =$K$3*0/5 -> 0 | J20: =E20*$J$7 -> 1118130 | K20: =SUM(E20:J20) -> 6529510 | L20: =K20/$J$3 -> 251135

Sheet LDKT
A1: CHI PHÍ NHÂN CÔNG (Hoạt động quan trắc môi trường nước thải)
F2: Đơn vị tính: đồng
A3: STT | B3: Mã hiệu | C3: Thông số quan trắc | D3: Định biên | E3: Định mức | F3: Đơn giá lương ngày | G3: Thành tiền
A4: A | B4: HOẠT ĐỘNG QUAN TRẮC VÀ PHÂN TÍCH MÔI TRƯỜNG NƯỚC THẢI
A5: A1 | B5: Công tác quan trắc môi trường nước thải tại hiện trường (1NT) | E5: 1.2 | G5: ĐV: Thông số
A6: 1 | B6: 1NT1 | C6: Nhiệt độ | D6: 1QTVTNMT hạng III.1 | E6: 0.2 | F6: =VLOOKUP(D6,DGL!$B$8:$L$203,11,0) -> 182365 | G6: =F6*E6*1.2 -> 43767.6 | I6: =F6*E6*1.2 -> 43767.6
A7: 2 | B7: 1NT2 | C7: pH | D7: 1QTVTNMT hạng III.1 | E7: 0.2 | F7: =VLOOKUP(D7,DGL!$B$8:$L$203,11,0) -> 182365 | G7: =F7*E7*1.2 -> 43767.6
A8: 3 | B8: 1NT3 | C8: Vận tốc | D8: 1QTVTNMT hạng III.2 | E8: 0.4 | F8: =VLOOKUP(D8,DGL!$B$8:$L$203,11,0) -> 204557.5 | G8: =F8*E8*1.2 -> 98187.6
A9: 4 | B9: 1NT4a | C9: TDS | D9: 1QTVTNMT hạng III.1 | E9: 0.2 | F9: =VLOOKUP(D9,DGL!$B$8:$L$203,11,0) -> 182365 | G9: =F9*E9*1.2 -> 43767.6
A10: 5 | B10: 1NT4b | C10: Độ màu | D10: 1QTVTNMT hạng III.1 | E10: 0.2 | F10: =VLOOKUP(D10,DGL!$B$8:$L$203,11,0) -> 182365 | G10: =F10*E10*1.2 -> 43767.6
A11: 6 | B11: 1NT5a | C11: Nhu cầu oxy sinh hoá (BOD5 | D11: 1QTVTNMT hạng III.1 | E11: 0.2 | F11: =VLOOKUP(D11,DGL!$B$8:$L$203,11,0) -> 182365 | G11: =F11*E11*1.2 -> 43767.6
A12: 7 | B12: 1NT5b | C12: Nhu cầu oxy hoá học (COD) | D12: 1QTVTNMT hạng III.1 | E12: 0.2 | F12: =VLOOKUP(D12,DGL!$B$8:$L$203,11,0) -> 182365 | G12: =F12*E12*1.2 -> 43767.6
A13: 8 | B13: 1NT6 | C13: Chất rắn lơ lửng (SS) | D13: 1QTVTNMT hạng III.1 | E13: 0.2 | F13: =VLOOKUP(D13,DGL!$B$8:$L$203,11,0) -> 182365 | G13: =F13*E13*1.2 -> 43767.6
A14: 9 | B14: 1NT7a | C14: Coliform | D14: 1QTVTNMT hạng III.2 | E14: 0.2 | F14: =VLOOKUP(D14,DGL!$B$8:$L$203,11,0) -> 204557.5 | G14: =F14*E14*1.2 -> 49093.8
A15: 10 | B15: 1NT7b | C15: E.Coli | D15: 1QTVTNMT hạng III.3 | E15: 0.2 | F15: =VLOOKUP(D15,DGL!$B$8:$L$203,11,0) -> 226750 | G15: =F15*E15*1.2 -> 54420
A16: 11 | B16: 1NT8 | C16: Tổng Dầu, mỡ khoáng | D16: 1QTVTNMT hạng III.3 | E16: 0.2 | F16: =VLOOKUP(D16,DGL!$B$8:$L$203,11,0) -> 226750 | G16: =F16*E16*1.2 -> 54420
A17: 12 | B17: 1NT9 | C17: Cyanua (CN-) | D17: 1QTVTNMT hạng III.2 | E17: 0.2 | F17: =VLOOKUP(D17,DGL!$B$8:$L$203,11,0) -> 204557.5 | G17: =F17*E17*1.2 -> 49093.8
A18: 13 | B18: 1NT10a | C18: Tổng P | D18: 1QTVTNMT hạng III.2 | E18: 0.2 | F18: =VLOOKUP(D18,DGL!$B$8:$L$203,11,0) -> 204557.5 | G18: =F18*E18*1.2 -> 49093.8
... A43: 38 | B43: 1NT13c | C43: PCBs | D43: 1QTVTNMT hạng III.3 | E43: 0.2 | F43: =VLOOKUP(D43,DGL!$B$8:$L$203,11,0) -> 226750 | G43: =F43*E43*1.2 -> 54420
A44: C2 | B44: Công tác phân tích môi trường nước thải trong phòng thí nghiệm (2NT)
A45: 1 | B45: 2NT5a | C45: Nhu cầu oxy sinh hoá (BOD5) | D45: 1QTVTNMT hạng III.1a | E45: 0.47 | F45: =VLOOKUP(D45,DGL!$B$8:$L$203,11,0) -> 162365 | G45: =E45*F45 -> 76311.55
A46: 2 | B46: 2NT5b | C46: Nhu cầu oxy hoá học (COD) | D46: 1QTVTNMT hạng III.1a | E46: 0.5 | F46: =VLOOKUP(D46,DGL!$B$8:$L$203,11,0) -> 162365 | G46: =E46*F46 -> 81182.5
A47: 3 | B47: 2NT6 | C47: Tổng chất rắn lơ lửng (TSS) | D47: 1QTVTNMT hạng III.1a | E47: 0.47 | F47: =VLOOKUP(D47,DGL!$B$8:$L$203,11,0) -> 162365 | G47: =E47*F47 -> 76311.55
A48: 4 | B48: 2NT7a1 | C48: Coliform | D48: 1QTVTNMT hạng III.2a | E48: 0.6 | F48: =VLOOKUP(D48,DGL!$B$8:$L$203,11,0) -> 184557.5 | G48: =E48*F48 -> 110734.5
A49: 5 | B49: 2NT7a2 | C49: Coliform | D49: 1QTVTNMT hạng III.2a | E49: 0.6 | F49: =VLOOKUP(D49,DGL!$B$8:$L$203,11,0) -> 184557.5 | G49: =E49*F49 -> 110734.5
A50: 6 | B50: 2NT7b1 | C50: E.Coli | D50: 1QTVTNMT hạng III.2a | E50: 0.6 | F50: =VLOOKUP(D50,DGL!$B$8:$L$203,11,0) -> 184557.5 | G50: =E50*F50 -> 110734.5
A51: 7 | B51: 2NT7b2 | C51: E.Coli | D51: 1QTVTNMT hạng III.2a | E51: 0.6 | F51: =VLOOKUP(D51,DGL!$B$8:$L$203,11,0) -> 184557.5 | G51: =E51*F51 -> 110734.5
A52: 8 | B52: 2NT8 | C52: Tổng Dầu, mỡ khoáng | D52: 1QTVTNMT hạng III.2a | E52: 0.6 | F52: =VLOOKUP(D52,DGL!$B$8:$L$203,11,0) -> 184557.5 | G52: =E52*F52 -> 110734.5
A53: 9 | B53: 2NT9 | C53: Cyanua (CN-) | D53: 1QTVTNMT hạng III.2a | E53: 0.62 | F53: =VLOOKUP(D53,DGL!$B$8:$L$203,11,0) -> 184557.5 | G53: =E53*F53 -> 114425.65
A54: 10 | B54: 2NT10a | C54: Tổng P | D54: 1QTVTNMT hạng III.2a | E54: 0.62 | F54: =VLOOKUP(D54,DGL!$B$8:$L$203,11,0) -> 184557.5 | G54: =E54*F54 -> 114425.65
A55: 11 | B55: 2NT10b | C55: Tổng N | D55: 1QTVTNMT hạng III.2a | E55: 0.62 | F55: =VLOOKUP(D55,DGL!$B$8:$L$203,11,0) -> 184557.5 | G55: =E55*F55 -> 114425.65
A56: 12 | B56: 2NT10c | C56: Nitơ amôn (NH4+) | D56: 1QTVTNMT hạng III.1a | E56: 0.5 | F56: =VLOOKUP(D56,DGL!$B$8:$L$203,11,0) -> 162365 | G56: =E56*F56 -> 81182.5
... A80: 36 | B80: 2NT14 | C80: Phân tích đồng thời các kim loại ( giá tính cho 01 mẫu) | D80: 1QTVTNMT hạng III.3a | E80: 1 | F80: =VLOOKUP(D80,DGL!$B$8:$L$203,11,0) -> 206750 | G80: =E80*F80 -> 206750

Sheet Dcu
A1: CHI PHÍ CÔNG CỤ, DỤNG CỤ (Hoạt động quan trắc môi trường nước thải)
F2: ĐVT: Đồng
A3: STT | B3: Danh mục dụng cụ | C3: Đơn vị tính | D3: Thời hạn | E3: Định mức | F3: Ðơn giá (đồng) | G3: Thành tiền (đồng)
D4: (tháng)
A5: A | B5: HOẠT ĐỘNG QUAN TRẮC VÀ PHÂN TÍCH MÔI TRƯỜNG NƯỚC THẢI
A6: A1 | B6: Công tác quan trắc môi trường nước thải tại hiện trường (1NT) | G6: ĐV: Thông số
A7: 1NT1 | B7: pH | G7: =SUM(G8:G18)*1.05 -> 2850.3462
A8: 1 | B8: Đầu đo | C8: cái | D8: =VLOOKUP(B8,[1]Dcu!$B$3:$D$511,3,0) -> 6 | E8: 0.048 | F8: =VLOOKUP(B8,[1]Dcu!$B$3:$E$511,4,0) -> 2500000 | G8: =F8/(D8*26)*E8 -> 769.23077
A9: 2 | B9: Quần áo BHLĐ | C9: bộ | D9: =VLOOKUP(B9,[1]Dcu!$B$3:$D$511,3,0) -> 12 | E9: 0.096 | F9: =VLOOKUP(B9,[1]Dcu!$B$3:$E$511,4,0) -> 50000 | G9: =F9/(D9*26)*E9 -> 15.384615
A10: 3 | B10: Giầy BHLĐ | C10: đôi | D10: =VLOOKUP(B10,[1]Dcu!$B$3:$D$511,3,0) -> 6 | E10: 0.096 | F10: =VLOOKUP(B10,[1]Dcu!$B$3:$E$511,4,0) -> 25000 | G10: =F10/(D10*26)*E10 -> 15.384615
A11: 4 | B11: Tất sợi | C11: đôi | D11: =VLOOKUP(B11,[1]Dcu!$B$3:$D$511,3,0) -> 6 | E11: 0.096 | F11: =VLOOKUP(B11,[1]Dcu!$B$3:$E$511,4,0) -> 7000 | G11: =F11/(D11*26)*E11 -> 4.3076923
A12: 5 | B12: Mũ cứng | C12: cái | D12: =VLOOKUP(B12,[1]Dcu!$B$3:$D$511,3,0) -> 12 | E12: 0.096 | F12: =VLOOKUP(B12,[1]Dcu!$B$3:$E$511,4,0) -> 20000 | G12: =F12/(D12*26)*E12 -> 6.1538462
A13: 6 | B13: Ô che mưa, che nắng | C13: cái | D13: =VLOOKUP(B13,[1]Dcu!$B$3:$D$511,3,0) -> 24 | E13: 0.048 | F13: =VLOOKUP(B13,[1]Dcu!$B$3:$E$511,4,0) -> 110000 | G13: =F13/(D13*26)*E13 -> 8.4615385
A14: 7 | B14: Bản đồ địa hình | C14: cái | D14: =VLOOKUP(B14,[1]Dcu!$B$3:$D$511,3,0) -> 3 | E14: 0.048 | F14: =VLOOKUP(B14,[1]Dcu!$B$3:$E$511,4,0) -> 70000 | G14: =F14/(D14*26)*E14 -> 43.076923
A15: 8 | B15: Khẩu trang y tế | C15: hộp | D15: =VLOOKUP(B15,[1]Dcu!$B$3:$D$511,3,0) -> 0.3 | E15: 0.02 | F15: =VLOOKUP(B15,[1]Dcu!$B$3:$E$511,4,0) -> 400000 | G15: =F15/(D15*26)*E15 -> 1025.641
A16: 9 | B16: Găng tay y tế | C16: hộp | D16: =VLOOKUP(B16,[1]Dcu!$B$3:$D$511,3,0) -> 0.3 | E16: 0.02 | F16: =VLOOKUP(B16,[1]Dcu!$B$3:$E$511,4,0) -> 200000 | G16: =F16/(D16*26)*E16 -> 512.82051
A17: 11 | B17: Bàn lưu động | C17: cái | D17: =VLOOKUP(B17,[1]Dcu!$B$3:$D$511,3,0) -> 60 | E17: 0.048 | F17: =VLOOKUP(B17,[1]Dcu!$B$3:$E$511,4,0) -> 210000 | G17: =F17/(D17*26)*E17 -> 6.4615385
A18: 13 | B18: Đai bảo hiểm | C18: cái | D18: =VLOOKUP(B18,[1]Dcu!$B$3:$D$511,3,0) -> 6 | E18: 0.048 | F18: =VLOOKUP(B18,[1]Dcu!$B$3:$E$511,4,0) -> 1000000 | G18: =F18/(D18*26)*E18 -> 307.69231
A19: 1NT2 | B19: Nhiệt độ | E19: Như mục 1NT1 | G19: =G7 -> 2850.3462
A20: 1NT3 | B20: Vận tốc | G20: =SUM(G21:G32)*1.1 -> 3102.5077
A21: 1 | B21: Đầu đo | C21: cái | D21: =VLOOKUP(B21,[1]Dcu!$B$3:$D$511,3,0) -> 6 | E21: 0.048 | F21: =VLOOKUP(B21,[1]Dcu!$B$3:$E$511,4,0) -> 2500000 | G21: =F21/(D21*26)*E21 -> 769.23077
A22: 2 | B22: Máng đo tiêu chuẩn | C22: cái | D22: =VLOOKUP(B22,[1]Dcu!$B$3:$D$511,3,0) -> 9 | E22: 0.048 | F22: =VLOOKUP(B22,[1]Dcu!$B$3:$E$511,4,0) -> 2000000 | G22: =F22/(D22*26)*E22 -> 410.25641
A23: 3 | B23: Cốc nhựa | C23: cái | D23: =VLOOKUP(B23,[1]Dcu!$B$3:$D$511,3,0) -> 36 | E23: 0.048 | F23: =VLOOKUP(B23,[1]Dcu!$B$3:$E$511,4,0) -> 80000 | G23: =F23/(D23*26)*E23 -> 4.1025641
A24: 4 | B24: Bình tia | C24: cái | D24: =VLOOKUP(B24,[1]Dcu!$B$3:$D$511,3,0) -> 36 | E24: 0.048 | F24: =VLOOKUP(B24,[1]Dcu!$B$3:$E$511,4,0) -> 110000 | G24: =F24/(D24*26)*E24 -> 5.6410256
A25: 5 | B25: Quần áo BHLĐ | C25: bộ | D25: =VLOOKUP(B25,[1]Dcu!$B$3:$D$511,3,0) -> 12 | E25: 0.096 | F25: =VLOOKUP(B25,[1]Dcu!$B$3:$E$511,4,0) -> 50000 | G25: =F25/(D25*26)*E25 -> 15.384615
A26: 6 | B26: Giầy BHLĐ | C26: đôi | D26: =VLOOKUP(B26,[1]Dcu!$B$3:$D$511,3,0) -> 6 | E26: 0.096 | F26: =VLOOKUP(B26,[1]Dcu!$B$3:$E$511,4,0) -> 25000 | G26: =F26/(D26*26)*E26 -> 15.384615
A27: 7 | B27: Tất sợi | C27: đôi | D27: =VLOOKUP(B27,[1]Dcu!$B$3:$D$511,3,0) -> 6 | E27: 0.096 | F27: =VLOOKUP(B27,[1]Dcu!$B$3:$E$511,4,0) -> 7000 | G27: =F27/(D27*26)*E27 -> 4.3076923
A28: 8 | B28: Mũ cứng | C28: cái | D28: =VLOOKUP(B28,[1]Dcu!$B$3:$D$511,3,0) -> 12 | E28: 0.096 | F28: =VLOOKUP(B28,[1]Dcu!$B$3:$E$511,4,0) -> 20000 | G28: =F28/(D28*26)*E28 -> 6.1538462
A29: 9 | B29: Ô che mưa, che nắng | C29: cái | D29: =VLOOKUP(B29,[1]Dcu!$B$3:$D$511,3,0) -> 24 | E29: 0.048 | F29: =VLOOKUP(B29,[1]Dcu!$B$3:$E$511,4,0) -> 110000 | G29: =F29/(D29*26)*E29 -> 8.4615385
A30: 10 | B30: Bản đồ địa hình | C30: cái | D30: =VLOOKUP(B30,[1]Dcu!$B$3:$D$511,3,0) -> 3 | E30: 0.048 | F30: =VLOOKUP(B30,[1]Dcu!$B$3:$E$511,4,0) -> 70000 | G30: =F30/(D30*26)*E30 -> 43.076923
A31: 11 | B31: Khẩu trang y tế | C31: hộp | D31: =VLOOKUP(B31,[1]Dcu!$B$3:$D$511,3,0) -> 0.3 | E31: 0.02 | F31: =VLOOKUP(B31,[1]Dcu!$B$3:$E$511,4,0) -> 400000 | G31: =F31/(D31*26)*E31 -> 1025.641
A32: 12 | B32: Găng tay y tế | C32: hộp | D32: =VLOOKUP(B32,[1]Dcu!$B$3:$D$511,3,0) -> 0.3 | E32: 0.02 | F32: =VLOOKUP(B32,[1]Dcu!$B$3:$E$511,4,0) -> 200000 | G32: =F32/(D32*26)*E32 -> 512.82051
A33: 1NT4a | B33: TDS | G33: =SUM(G34:G46)*1.05 -> 4655.4846
A34: 1 | B34: Chai đựng hóa chất | C34: cái | D34: =VLOOKUP(B34,[1]Dcu!$B$3:$D$511,3,0) -> 12 | E34: 0.048 | F34: =VLOOKUP(B34,[1]Dcu!$B$3:$E$511,4,0) -> 100000 | G34: =F34/(D34*26)*E34 -> 15.384615
A35: 2 | B35: Chai đựng mẫu | C35: cái | D35: =VLOOKUP(B35,[1]Dcu!$B$3:$D$511,3,0) -> 12 | E35: 0.048 | F35: =VLOOKUP(B35,[1]Dcu!$B$3:$E$511,4,0) -> 80000 | G35: =F35/(D35*26)*E35 -> 12.307692
A36: 3 | B36: Bình tia | C36: cái | D36: =VLOOKUP(B36,[1]Dcu!$B$3:$D$511,3,0) -> 36 | E36: 0.048 | F36: =VLOOKUP(B36,[1]Dcu!$B$3:$E$511,4,0) -> 110000 | G36: =F36/(D36*26)*E36 -> 5.6410256
A37: 4 | B37: Quần áo BHLĐ | C37: bộ | D37: =VLOOKUP(B37,[1]Dcu!$B$3:$D$511,3,0) -> 12 | E37: 0.096 | F37: =VLOOKUP(B37,[1]Dcu!$B$3:$E$511,4,0) -> 50000 | G37: =F37/(D37*26)*E37 -> 15.384615
A38: 5 | B38: Giầy BHLĐ | C38: đôi | D38: =VLOOKUP(B38,[1]Dcu!$B$3:$D$511,3,0) -> 6 | E38: 0.096 | F38: =VLOOKUP(B38,[1]Dcu!$B$3:$E$511,4,0) -> 25000 | G38: =F38/(D38*26)*E38 -> 15.384615
A39: 6 | B39: Tất sợi | C39: đôi | D39: =VLOOKUP(B39,[1]Dcu!$B$3:$D$511,3,0) -> 6 | E39: 0.096 | F39: =VLOOKUP(B39,[1]Dcu!$B$3:$E$511,4,0) -> 7000 | G39: =F39/(D39*26)*E39 -> 4.3076923
A40: 7 | B40: Mũ cứng | C40: cái | D40: =VLOOKUP(B40,[1]Dcu!$B$3:$D$511,3,0) -> 12 | E40: 0.096 | F40: =VLOOKUP(B40,[1]Dcu!$B$3:$E$511,4,0) -> 20000 | G40: =F40/(D40*26)*E40 -> 6.1538462
A41: 8 | B41: Ô che mưa, che nắng | C41: cái | D41: =VLOOKUP(B41,[1]Dcu!$B$3:$D$511,3,0) -> 24 | E41: 0.048 | F41: =VLOOKUP(B41,[1]Dcu!$B$3:$E$511,4,0) -> 110000 | G41: =F41/(D41*26)*E41 -> 8.4615385
A42: 9 | B42: Bản đồ địa hình | C42: cái | D42: =VLOOKUP(B42,[1]Dcu!$B$3:$D$511,3,0) -> 3 | E42: 0.048 | F42: =VLOOKUP(B42,[1]Dcu!$B$3:$E$511,4,0) -> 70000 | G42: =F42/(D42*26)*E42 -> 43.076923
A43: 10 | B43: Khẩu trang y tế | C43: hộp | D43: =VLOOKUP(B43,[1]Dcu!$B$3:$D$511,3,0) -> 0.3 | E43: 0.02 | F43: =VLOOKUP(B43,[1]Dcu!$B$3:$E$511,4,0) -> 400000 | G43: =F43/(D43*26)*E43 -> 1025.641
A44: 11 | B44: Găng tay y tế | C44: hộp | D44: =VLOOKUP(B44,[1]Dcu!$B$3:$D$511,3,0) -> 0.3 | E44: 0.02 | F44: =VLOOKUP(B44,[1]Dcu!$B$3:$E$511,4,0) -> 200000 | G44: =F44/(D44*26)*E44 -> 512.82051
A45: 12 | B45: Thùng đựng và bảo quản mẫu | C45: cái | D45: =VLOOKUP(B45,[1]Dcu!$B$3:$D$511,3,0) -> 6 | E45: 0.48 | F45: =VLOOKUP(B45,[1]Dcu!$B$3:$E$511,4,0) -> 800000 | G45: =F45/(D45*26)*E45 -> 2461.5385
A46: 13 | B46: Đai bảo hiểm | C46: cái | D46: =VLOOKUP(B46,[1]Dcu!$B$3:$D$511,3,0) -> 6 | E46: 0.048 | F46: =VLOOKUP(B46,[1]Dcu!$B$3:$E$511,4,0) -> 1000000 | G46: =F46/(D46*26)*E46 -> 307.69231
A47: 1NT4b | B47: Độ màu | C47: Như mục 1NT 4a | G47: =G33 -> 4655.4846
A48: A2 | B48: Công tác lấy mẫu nước thải tại hiện trường
A49: 1NT5a | B49: Nhu cầu oxy sinh hóa (BOD5) | G49: =SUM(G50:G61)*1.05 -> 4639.3308
A50: 1 | B50: Chai đựng mẫu | C50: cai | D50: =VLOOKUP(B50,[1]Dcu!$B$3:$D$511,3,0) -> 12 | E50: 0.048 | F50: =VLOOKUP(B50,[1]Dcu!$B$3:$E$511,4,0) -> 80000 | G50: =F50/(D50*26)*E50 -> 12.307692
A51: 2 | B51: Bình tia | C51: cái | D51: =VLOOKUP(B51,[1]Dcu!$B$3:$D$511,3,0) -> 36 | E51: 0.048 | F51: =VLOOKUP(B51,[1]Dcu!$B$3:$E$511,4,0) -> 110000 | G51: =F51/(D51*26)*E51 -> 5.6410256
A52: 3 | B52: Quần áo BHLĐ | C52: bộ | D52: =VLOOKUP(B52,[1]Dcu!$B$3:$D$511,3,0) -> 12 | E52: 0.096 | F52: =VLOOKUP(B52,[1]Dcu!$B$3:$E$511,4,0) -> 50000 | G52: =F52/(D52*26)*E52 -> 15.384615
A53: 4 | B53: Giầy BHLĐ | C53: đôi | D53: =VLOOKUP(B53,[1]Dcu!$B$3:$D$511,3,0) -> 6 | E53: 0.096 | F53: =VLOOKUP(B53,[1]Dcu!$B$3:$E$511,4,0) -> 25000 | G53: =F53/(D53*26)*E53 -> 15.384615
A54: 5 | B54: Tất sợi | C54: đôi | D54: =VLOOKUP(B54,[1]Dcu!$B$3:$D$511,3,0) -> 6 | E54: 0.096 | F54: =VLOOKUP(B54,[1]Dcu!$B$3:$E$511,4,0) -> 7000 | G54: =F54/(D54*26)*E54 -> 4.3076923
A55: 6 | B55: Mũ cứng | C55: cái | D55: =VLOOKUP(B55,[1]Dcu!$B$3:$D$511,3,0) -> 12 | E55: 0.096 | F55: =VLOOKUP(B55,[1]Dcu!$B$3:$E$511,4,0) -> 20000 | G55: =F55/(D55*26)*E55 -> 6.1538462
A56: 7 | B56: Ô che mưa, che nắng | C56: cái | D56: =VLOOKUP(B56,[1]Dcu!$B$3:$D$511,3,0) -> 24 | E56: 0.048 | F56: =VLOOKUP(B56,[1]Dcu!$B$3:$E$511,4,0) -> 110000 | G56: =F56/(D56*26)*E56 -> 8.4615385
A57: 8 | B57: Bản đồ địa hình | C57: cái | D57: =VLOOKUP(B57,[1]Dcu!$B$3:$D$511,3,0) -> 3 | E57: 0.048 | F57: =VLOOKUP(B57,[1]Dcu!$B$3:$E$511,4,0) -> 70000 | G57: =F57/(D57*26)*E57 -> 43.076923
A58: 9 | B58: Khẩu trang y tế | C58: hộp | D58: =VLOOKUP(B58,[1]Dcu!$B$3:$D$511,3,0) -> 0.3 | E58: 0.02 | F58: =VLOOKUP(B58,[1]Dcu!$B$3:$E$511,4,0) -> 400000 | G58: =F58/(D58*26)*E58 -> 1025.641
A59: 10 | B59: Găng tay y tế | C59: hộp | D59: =VLOOKUP(B59,[1]Dcu!$B$3:$D$511,3,0) -> 0.3 | E59: 0.02 | F59: =VLOOKUP(B59,[1]Dcu!$B$3:$E$511,4,0) -> 200000 | G59: =F59/(D59*26)*E59 -> 512.82051
A60: 11 | B60: Thùng đựng và bảo quản mẫu | C60: cái | D60: =VLOOKUP(B60,[1]Dcu!$B$3:$D$511,3,0) -> 6 | E60: 0.48 | F60: =VLOOKUP(B60,[1]Dcu!$B$3:$E$511,4,0) -> 800000 | G60: =F60/(D60*26)*E60 -> 2461.5385
A61: 12 | B61: Đai bảo hiểm | C61: cái | D61: =VLOOKUP(B61,[1]Dcu!$B$3:$D$511,3,0) -> 6 | E61: 0.048 | F61: =VLOOKUP(B61,[1]Dcu!$B$3:$E$511,4,0) -> 1000000 | G61: =F61/(D61*26)*E61 -> 307.69231
A62: 1NT5b | B62: Nhu cầu oxy hóa học (COD) | G62: =SUM(G63:G75)*1.05 -> 4655.4846
A63: 1 | B63: Chai đựng hóa chất | C63: cái | D63: =VLOOKUP(B63,[1]Dcu!$B$3:$D$511,3,0) -> 12 | E63: 0.048 | F63: =VLOOKUP(B63,[1]Dcu!$B$3:$E$511,4,0) -> 100000 | G63: =F63/(D63*26)*E63 -> 15.384615
A64: 2 | B64: Chai đựng mẫu | C64: cái | D64: =VLOOKUP(B64,[1]Dcu!$B$3:$D$511,3,0) -> 12 | E64: 0.048 | F64: =VLOOKUP(B64,[1]Dcu!$B$3:$E$511,4,0) -> 80000 | G64: =F64/(D64*26)*E64 -> 12.307692
A65: 3 | B65: Bình tia | C65: cái | D65: =VLOOKUP(B65,[1]Dcu!$B$3:$D$511,3,0) -> 36 | E65: 0.048 | F65: =VLOOKUP(B65,[1]Dcu!$B$3:$E$511,4,0) -> 110000 | G65: =F65/(D65*26)*E65 -> 5.6410256
A66: 4 | B66: Quần áo BHLĐ | C66: bộ | D66: =VLOOKUP(B66,[1]Dcu!$B$3:$D$511,3,0) -> 12 | E66: 0.096 | F66: =VLOOKUP(B66,[1]Dcu!$B$3:$E$511,4,0) -> 50000 | G66: =F66/(D66*26)*E66 -> 15.384615
A67: 5 | B67: Giầy BHLĐ | C67: đôi | D67: =VLOOKUP(B67,[1]Dcu!$B$3:$D$511,3,0) -> 6 | E67: 0.096 | F67: =VLOOKUP(B67,[1]Dcu!$B$3:$E$511,4,0) -> 25000 | G67: =F67/(D67*26)*E67 -> 15.384615
A68: 6 | B68: Tất sợi | C68: đôi | D68: =VLOOKUP(B68,[1]Dcu!$B$3:$D$511,3,0) -> 6 | E68: 0.096 | F68: =VLOOKUP(B68,[1]Dcu!$B$3:$E$511,4,0) -> 7000 | G68: =F68/(D68*26)*E68 -> 4.3076923
A69: 7 | B69: Mũ cứng | C69: cái | D69: =VLOOKUP(B69,[1]Dcu!$B$3:$D$511,3,0) -> 12 | E69: 0.096 | F69: =VLOOKUP(B69,[1]Dcu!$B$3:$E$511,4,0) -> 20000 | G69: =F69/(D69*26)*E69 -> 6.1538462
A70: 8 | B70: Ô che mưa, che nắng | C70: cái | D70: =VLOOKUP(B70,[1]Dcu!$B$3:$D$511,3,0) -> 24 | E70: 0.048 | F70: =VLOOKUP(B70,[1]Dcu!$B$3:$E$511,4,0) -> 110000 | G70: =F70/(D70*26)*E70 -> 8.4615385
A71: 9 | B71: Bản đồ địa hình | C71: cái | D71: =VLOOKUP(B71,[1]Dcu!$B$3:$D$511,3,0) -> 3 | E71: 0.048 | F71: =VLOOKUP(B71,[1]Dcu!$B$3:$E$511,4,0) -> 70000 | G71: =F71/(D71*26)*E71 -> 43.076923
A72: 10 | B72: Khẩu trang y tế | C72: hộp | D72: =VLOOKUP(B72,[1]Dcu!$B$3:$D$511,3,0) -> 0.3 | E72: 0.02 | F72: =VLOOKUP(B72,[1]Dcu!$B$3:$E$511,4,0) -> 400000 | G72: =F72/(D72*26)*E72 -> 1025.641
A73: 11 | B73: Găng tay y tế | C73: hộp | D73: =VLOOKUP(B73,[1]Dcu!$B$3:$D$511,3,0) -> 0.3 | E73: 0.02 | F73: =VLOOKUP(B73,[1]Dcu!$B$3:$E$511,4,0) -> 200000 | G73: =F73/(D73*26)*E73 -> 512.82051
A74: 12 | B74: Thùng đựng và bảo quản mẫu | C74: cái | D74: =VLOOKUP(B74,[1]Dcu!$B$3:$D$511,3,0) -> 6 | E74: 0.48 | F74: =VLOOKUP(B74,[1]Dcu!$B$3:$E$511,4,0) -> 800000 | G74: =F74/(D74*26)*E74 -> 2461.5385
A75: 13 | B75: Đai bảo hiểm | C75: cái | D75: =VLOOKUP(B75,[1]Dcu!$B$3:$D$511,3,0) -> 6 | E75: 0.048 | F75: =VLOOKUP(B75,[1]Dcu!$B$3:$E$511,4,0) -> 1000000 | G75: =F75/(D75*26)*E75 -> 307.69231
A76: 1NT6 | B76: Tổng chất rắn lơ lửng (TSS) | G76: =SUM(G77:G90)*1.05 -> 4913.9462
A77: 1 | B77: Chai đựng hóa chất | C77: cái | D77: =VLOOKUP(B77,[1]Dcu!$B$3:$D$511,3,0) -> 12 | E77: 0.048 | F77: =VLOOKUP(B77,[1]Dcu!$B$3:$E$511,4,0) -> 100000 | G77: =F77/(D77*26)*E77 -> 15.384615
A78: 2 | B78: Thùng đựng và bảo quản mẫu | C78: cái | D78: =VLOOKUP(B78,[1]Dcu!$B$3:$D$511,3,0) -> 6 | E78: 0.048 | F78: =VLOOKUP(B78,[1]Dcu!$B$3:$E$511,4,0) -> 800000 | G78: =F78/(D78*26)*E78 -> 246.15385
A79: 3 | B79: Chai đựng mẫu | C79: cái | D79: =VLOOKUP(B79,[1]Dcu!$B$3:$D$511,3,0) -> 12 | E79: 0.048 | F79: =VLOOKUP(B79,[1]Dcu!$B$3:$E$511,4,0) -> 80000 | G79: =F79/(D79*26)*E79 -> 12.307692
A80: 4 | B80: Bình tia | C80: cái | D80: =VLOOKUP(B80,[1]Dcu!$B$3:$D$511,3,0) -> 36 | E80: 0.048 | F80: =VLOOKUP(B80,[1]Dcu!$B$3:$E$511,4,0) -> 110000 | G80: =F80/(D80*26)*E80 -> 5.6410256
A81: 5 | B81: Quần áo BHLĐ | C81: bộ | D81: =VLOOKUP(B81,[1]Dcu!$B$3:$D$511,3,0) -> 12 | E81: 0.096 | F81: =VLOOKUP(B81,[1]Dcu!$B$3:$E$511,4,0) -> 50000 | G81: =F81/(D81*26)*E81 -> 15.384615
A82: 6 | B82: Giầy BHLĐ | C82: đôi | D82: =VLOOKUP(B82,[1]Dcu!$B$3:$D$511,3,0) -> 6 | E82: 0.096 | F82: =VLOOKUP(B82,[1]Dcu!$B$3:$E$511,4,0) -> 25000 | G82: =F82/(D82*26)*E82 -> 15.384615
A83: 7 | B83: Tất sợi | C83: đôi | D83: =VLOOKUP(B83,[1]Dcu!$B$3:$D$511,3,0) -> 6 | E83: 0.096 | F83: =VLOOKUP(B83,[1]Dcu!$B$3:$E$511,4,0) -> 7000 | G83: =F83/(D83*26)*E83 -> 4.3076923
A84: 8 | B84: Mũ cứng | C84: cái | D84: =VLOOKUP(B84,[1]Dcu!$B$3:$D$511,3,0) -> 12 | E84: 0.096 | F84: =VLOOKUP(B84,[1]Dcu!$B$3:$E$511,4,0) -> 20000 | G84: =F84/(D84*26)*E84 -> 6.1538462
A85: 9 | B85: Ô che mưa, che nắng | C85: cái | D85: =VLOOKUP(B85,[1]Dcu!$B$3:$D$511,3,0) -> 24 | E85: 0.048 | F85: =VLOOKUP(B85,[1]Dcu!$B$3:$E$511,4,0) -> 110000 | G85: =F85/(D85*26)*E85 -> 8.4615385
A86: 10 | B86: Bản đồ địa hình | C86: cái | D86: =VLOOKUP(B86,[1]Dcu!$B$3:$D$511,3,0) -> 3 | E86: 0.048 | F86: =VLOOKUP(B86,[1]Dcu!$B$3:$E$511,4,0) -> 70000 | G86: =F86/(D86*26)*E86 -> 43.076923
A87: 11 | B87: Khẩu trang y tế | C87: hộp | D87: =VLOOKUP(B87,[1]Dcu!$B$3:$D$511,3,0) -> 0.3 | E87: 0.02 | F87: =VLOOKUP(B87,[1]Dcu!$B$3:$E$511,4,0) -> 400000 | G87: =F87/(D87*26)*E87 -> 1025.641
A88: 12 | B88: Găng tay y tế | C88: hộp | D88: =VLOOKUP(B88,[1]Dcu!$B$3:$D$511,3,0) -> 0.3 | E88: 0.02 | F88: =VLOOKUP(B88,[1]Dcu!$B$3:$E$511,4,0) -> 200000 | G88: =F88/(D88*26)*E88 -> 512.82051
... A90: 14 | B90: Đai bảo hiểm | C90: cái | D90: =VLOOKUP(B90,[1]Dcu!$B$3:$D$511,3,0) -> 6 | E90: 0.048 | F90: =VLOOKUP(B90,[1]Dcu!$B$3:$E$511,4,0) -> 1000000 | G90: =F90/(D90*26)*E90 -> 307.69231
A91: 1NT7a | B91: Coliform | G91: =SUM(G92:G104)*1.05 -> 4707.1769
A92: 1 | B92: Chai đựng hóa chất | C92: cái | D92: =VLOOKUP(B92,[1]Dcu!$B$3:$D$511,3,0) -> 12 | E92: 0.048 | F92: =VLOOKUP(B92,[1]Dcu!$B$3:$E$511,4,0) -> 100000 | G92: =F92/(D92*26)*E92 -> 15.384615
A93: 2 | B93: Chai đựng mẫu vi sinh | C93: cái | D93: =VLOOKUP(B93,[1]Dcu!$B$3:$D$511,3,0) -> 12 | E93: 0.096 | F93: =VLOOKUP(B93,[1]Dcu!$B$3:$E$511,4,0) -> 200000 | G93: =F93/(D93*26)*E93 -> 61.538462
A94: 3 | B94: Bình tia | C94: cái | D94: =VLOOKUP(B94,[1]Dcu!$B$3:$D$511,3,0) -> 36 | E94: 0.048 | F94: =VLOOKUP(B94,[1]Dcu!$B$3:$E$511,4,0) -> 110000 | G94: =F94/(D94*26)*E94 -> 5.6410256
A95: 4 | B95: Quần áo BHLĐ | C95: bộ | D95: =VLOOKUP(B95,[1]Dcu!$B$3:$D$511,3,0) -> 12 | E95: 0.096 | F95: =VLOOKUP(B95,[1]Dcu!$B$3:$E$511,4,0) -> 50000 | G95: =F95/(D95*26)*E95 -> 15.384615
A96: 5 | B96: Giầy BHLĐ | C96: đôi | D96: =VLOOKUP(B96,[1]Dcu!$B$3:$D$511,3,0) -> 6 | E96: 0.096 | F96: =VLOOKUP(B96,[1]Dcu!$B$3:$E$511,4,0) -> 25000 | G96: =F96/(D96*26)*E96 -> 15.384615
A97: 6 | B97: Tất sợi | C97: đôi | D97: =VLOOKUP(B97,[1]Dcu!$B$3:$D$511,3,0) -> 6 | E97: 0.096 | F97: =VLOOKUP(B97,[1]Dcu!$B$3:$E$511,4,0) -> 7000 | G97: =F97/(D97*26)*E97 -> 4.3076923
A98: 7 | B98: Mũ cứng | C98: cái | D98: =VLOOKUP(B98,[1]Dcu!$B$3:$D$511,3,0) -> 12 | E98: 0.096 | F98: =VLOOKUP(B98,[1]Dcu!$B$3:$E$511,4,0) -> 20000 | G98: =F98/(D98*26)*E98 -> 6.1538462
A99: 8 | B99: Ô che mưa, che nắng | C99: cái | D99: =VLOOKUP(B99,[1]Dcu!$B$3:$D$511,3,0) -> 24 | E99: 0.048 | F99: =VLOOKUP(B99,[1]Dcu!$B$3:$E$511,4,0) -> 110000 | G99: =F99/(D99*26)*E99 -> 8.4615385
A100: 9 | B100: Bản đồ địa hình | C100: cái | D100: =VLOOKUP(B100,[1]Dcu!$B$3:$D$511,3,0) -> 3 | E100: 0.048 | F100: =VLOOKUP(B100,[1]Dcu!$B$3:$E$511,4,0) -> 70000 | G100: =F100/(D100*26)*E100 -> 43.076923
A101: 10 | B101: Khẩu trang y tế | C101: hộp | D101: =VLOOKUP(B101,[1]Dcu!$B$3:$D$511,3,0) -> 0.3 | E101: 0.02 | F101: =VLOOKUP(B101,[1]Dcu!$B$3:$E$511,4,0) -> 400000 | G101: =F101/(D101*26)*E101 -> 1025.641
...

Sheet VL
A1: PHỤ LỤC 1.3
A2: CHI PHÍ VẬT LIỆU (Hoạt động quan trắc môi trường nước thải)
F3: ĐVT: Đồng
B4: STT | C4: Danh mục vật tư | D4: Đơn vị tính | E4: Định mức | F4: Đơn giá | G4: Thành tiền
A5: A | B5: HOẠT ĐỘNG QUAN TRẮC VÀ PHÂN TÍCH MÔI TRƯỜNG NƯỚC THẢI
A6: A1 | B6: Công tác quan trắc môi trường nước thải tại hiện trường (1NT)
A7: 1 | B7: 1NT1 | C7: Nhiệt độ | G7: =SUM(G8:G14)*1.08 -> 57834
B8: 1 | C8: Nước cất | D8: lít | E8: 0.1 | F8: =VLOOKUP(C8,[1]VL!$B$3:$E$524,4,0) -> 5000 | G8: =F8*E8 -> 500
B9: 2 | C9: Pin chuyên dụng | D9: cục | E9: 0.5 | F9: =VLOOKUP(C9,[1]VL!$B$3:$E$524,4,0) -> 25000 | G9: =F9*E9 -> 12500
B10: 3 | C10: Cồn lau dụng cụ | D10: ml | E10: 10 | F10: =VLOOKUP(C10,[1]VL!$B$3:$E$524,4,0) -> 35 | G10: =F10*E10 -> 350
B11: 4 | C11: Sổ công tác | D11: cuốn | E11: 0.005 | F11: =VLOOKUP(C11,[1]VL!$B$3:$E$524,4,0) -> 10000 | G11: =F11*E11 -> 50
B12: 5 | C12: Nước rửa đầu đo | D12: lít | E12: 0.1 | F12: =VLOOKUP(C12,[1]VL!$B$3:$E$524,4,0) -> 390000 | G12: =F12*E12 -> 39000
B13: 6 | C13: Cồn lau dụng cụ | D13: ml | E13: 10 | F13: =VLOOKUP(C13,[1]VL!$B$3:$E$524,4,0) -> 35 | G13: =F13*E13 -> 350
B14: 7 | C14: Giấy lau | D14: hộp | E14: 0.02 | F14: =VLOOKUP(C14,[1]VL!$B$3:$E$524,4,0) -> 40000 | G14: =F14*E14 -> 800
A15: 2 | B15: 1NT2 | C15: pH | G15: =SUM(G16:G22)*1.08 -> 87156
B16: 1 | C16: Nước cất | D16: lít | E16: 0.1 | F16: =VLOOKUP(C16,[1]VL!$B$3:$E$524,4,0) -> 5000 | G16: =F16*E16 -> 500
B17: 2 | C17: Dung dịch chuẩn pH ở giá trị pH = 4 và pH = 10 | D17: ml | E17: 5 | F17: =VLOOKUP(C17,[1]VL!$B$3:$E$524,4,0) -> 5500 | G17: =F17*E17 -> 27500
B18: 3 | C18: Pin chuyên dụng | D18: cục | E18: 0.5 | F18: =VLOOKUP(C18,[1]VL!$B$3:$E$524,4,0) -> 25000 | G18: =F18*E18 -> 12500
B19: 4 | C19: Cồn lau dụng cụ | D19: ml | E19: 10 | F19: =VLOOKUP(C19,[1]VL!$B$3:$E$524,4,0) -> 35 | G19: =F19*E19 -> 350
B20: 5 | C20: Sổ công tác | D20: cuốn | E20: 0.005 | F20: =VLOOKUP(C20,[1]VL!$B$3:$E$524,4,0) -> 10000 | G20: =F20*E20 -> 50
B21: 6 | C21: Giấy lau | D21: hộp | E21: 0.02 | F21: =VLOOKUP(C21,[1]VL!$B$3:$E$524,4,0) -> 40000 | G21: =F21*E21 -> 800
B22: 7 | C22: Nước rửa đầu đo | D22: lít | E22: 0.1 | F22: =VLOOKUP(C22,[1]VL!$B$3:$E$524,4,0) -> 390000 | G22: =F22*E22 -> 39000
A23: 3 | B23: 1NT3 | C23: Vận tốc | G23: =SUM(G24:G27)*1.08 -> 2646
B24: 1 | C24: Pin chuyên dụng | D24: cục | E24: 0.05 | F24: =VLOOKUP(C24,[1]VL!$B$3:$E$524,4,0) -> 25000 | G24: =F24*E24 -> 1250
B25: 2 | C25: Sổ công tác | D25: cuốn | E25: 0.005 | F25: =VLOOKUP(C25,[1]VL!$B$3:$E$524,4,0) -> 10000 | G25: =F25*E25 -> 50
B26: 3 | C26: Cồn lau dụng cụ | D26: ml | E26: 10 | F26: =VLOOKUP(C26,[1]VL!$B$3:$E$524,4,0) -> 35 | G26: =F26*E26 -> 350
B27: 4 | C27: Giấy lau | D27: hộp | E27: 0.02 | F27: =VLOOKUP(C27,[1]VL!$B$3:$E$524,4,0) -> 40000 | G27: =F27*E27 -> 800
A28: 4 | B28: 1NT4a | C28: TDS | G28: =SUM(G29:G33)*1.08 -> 70416
B29: 1 | C29: Dung dịch chuẩn 1000 Pt-Co | D29: ml | E29: 5 | F29: =VLOOKUP(C29,[1]VL!$B$3:$E$524,4,0) -> 5000 | G29: =F29*E29 -> 25000
B30: 2 | C30: Nước rửa đầu đo | D30: lít | E30: 0.1 | F30: =VLOOKUP(C30,[1]VL!$B$3:$E$524,4,0) -> 390000 | G30: =F30*E30 -> 39000
B31: 3 | C31: Cồn lau dụng cụ | D31: ml | E31: 10 | F31: =VLOOKUP(C31,[1]VL!$B$3:$E$524,4,0) -> 35 | G31: =F31*E31 -> 350
B32: 4 | C32: Sổ công tác | D32: cuốn | E32: 0.005 | F32: =VLOOKUP(C32,[1]VL!$B$3:$E$524,4,0) -> 10000 | G32: =F32*E32 -> 50
B33: 5 | C33: Giấy lau | D33: hộp | E33: 0.02 | F33: =VLOOKUP(C33,[1]VL!$B$3:$E$524,4,0) -> 40000 | G33: =F33*E33 -> 800
A34: 5 | B34: 1NT4b | C34: Độ màu | D34: Như mục 1NT4a | G34: =G28 -> 70416
A35: 6 | B35: 1NT5a | C35: Nhu cầu oxy sinh hóa (BOD5) | G35: =SUM(G36:G39)*1.08 -> 28458
B36: 1 | C36: Đá khô | D36: túi | E36: 0.5 | F36: =VLOOKUP(C36,[1]VL!$B$3:$E$524,4,0) -> 50000 | G36: =F36*E36 -> 25000
B37: 2 | C37: Sổ công tác | D37: cuốn | E37: 0.005 | F37: =VLOOKUP(C37,[1]VL!$B$3:$E$524,4,0) -> 10000 | G37: =F37*E37 -> 50
B38: 3 | C38: Bút ghi kính | D38: cái | E38: 0.05 | F38: =VLOOKUP(C38,[1]VL!$B$3:$E$524,4,0) -> 10000 | G38: =F38*E38 -> 500
B39: 4 | C39: Giấy lau | D39: hộp | E39: 0.02 | F39: =VLOOKUP(C39,[1]VL!$B$3:$E$524,4,0) -> 40000 | G39: =F39*E39 -> 800
A40: 7 | B40: 1NT5b | C40: Nhu cầu oxy hoá học (COD) | G40: =SUM(G41:G46)*1.08 -> 37638
B41: 1 | C41: Đá khô | D41: túi | E41: 0.5 | F41: =VLOOKUP(C41,[1]VL!$B$3:$E$524,4,0) -> 50000 | G41: =F41*E41 -> 25000
B42: 2 | C42: Nước cất | D42: lít | E42: 0.1 | F42: =VLOOKUP(C42,[1]VL!$B$3:$E$524,4,0) -> 5000 | G42: =F42*E42 -> 500
B43: 3 | C43: Sổ công tác | D43: cuốn | E43: 0.005 | F43: =VLOOKUP(C43,[1]VL!$B$3:$E$524,4,0) -> 10000 | G43: =F43*E43 -> 50
B44: 4 | C44: Hóa chất bảo quản mẫu | D44: ml | E44: 1 | F44: =VLOOKUP(C44,[1]VL!$B$3:$E$524,4,0) -> 8000 | G44: =F44*E44 -> 8000
B45: 5 | C45: Bút ghi kính | D45: cái | E45: 0.05 | F45: =VLOOKUP(C45,[1]VL!$B$3:$E$524,4,0) -> 10000 | G45: =F45*E45 -> 500
B46: 7 | C46: Giấy lau | D46: hộp | E46: 0.02 | F46: =VLOOKUP(C46,[1]VL!$B$3:$E$524,4,0) -> 40000 | G46: =F46*E46 -> 800
A47: 8 | B47: 1NT6 | C47: Tổng chất rắn lơ lửng (TSS) | G47: =SUM(G48:G51)*1.08 -> 28296
B48: 1 | C48: Đá khô | D48: túi | E48: 0.5 | F48: =VLOOKUP(C48,[1]VL!$B$3:$E$524,4,0) -> 50000 | G48: =F48*E48 -> 25000
B49: 2 | C49: Cồn lau dụng cụ | D49: ml | E49: 10 | F49: =VLOOKUP(C49,[1]VL!$B$3:$E$524,4,0) -> 35 | G49: =F49*E49 -> 350
B50: 3 | C50: Sổ công tác | D50: cuốn | E50: 0.005 | F50: =VLOOKUP(C50,[1]VL!$B$3:$E$524,4,0) -> 10000 | G50: =F50*E50 -> 50
B51: 4 | C51: Giấy lau | D51: hộp | E51: 0.02 | F51: =VLOOKUP(C51,[1]VL!$B$3:$E$524,4,0) -> 40000 | G51: =F51*E51 -> 800
A52: 9 | B52: 1NT7a | C52: Coliform | G52: =SUM(G53:G57)*1.08 -> 45738
B53: 1 | C53: Đá khô | D53: túi | E53: 0.5 | F53: =VLOOKUP(C53,[1]VL!$B$3:$E$524,4,0) -> 50000 | G53: =F53*E53 -> 25000
B54: 2 | C54: Sổ công tác | D54: cuốn | E54: 0.005 | F54: =VLOOKUP(C54,[1]VL!$B$3:$E$524,4,0) -> 10000 | G54: =F54*E54 -> 50
B55: 3 | C55: Hóa chất bảo quản mẫu | D55: ml | E55: 2 | F55: =VLOOKUP(C55,[1]VL!$B$3:$E$524,4,0) -> 8000 | G55: =F55*E55 -> 16000
B56: 4 | C56: Bút ghi kính | D56: cái | E56: 0.05 | F56: =VLOOKUP(C56,[1]VL!$B$3:$E$524,4,0) -> 10000 | G56: =F56*E56 -> 500
B57: 5 | C57: Giấy lau | D57: hộp | E57: 0.02 | F57: =VLOOKUP(C57,[1]VL!$B$3:$E$524,4,0) -> 40000 | G57: =F57*E57 -> 800
A58: 10 | B58: 1NT7b | C58: E.Coli | E58: Như mục 1NT7a | G58: =G52 -> 45738
A59: 11 | B59: 1NT8 | C59: Tổng Dầu, mỡ khoáng | G59: =SUM(G60:G64)*1.08 -> 45738
B60: 1 | C60: Đá khô | D60: túi | E60: 0.5 | F60: =VLOOKUP(C60,[1]VL!$B$3:$E$524,4,0) -> 50000 | G60: =F60*E60 -> 25000
B61: 2 | C61: Sổ công tác | D61: cuốn | E61: 0.005 | F61: =VLOOKUP(C61,[1]VL!$B$3:$E$524,4,0) -> 10000 | G61: =F61*E61 -> 50
B62: 3 | C62: Hóa chất bảo quản mẫu | D62: ml | E62: 2 | F62: =VLOOKUP(C62,[1]VL!$B$3:$E$524,4,0) -> 8000 | G62: =F62*E62 -> 16000
B63: 4 | C63: Bút ghi kính | D63: cái | E63: 0.05 | F63: =VLOOKUP(C63,[1]VL!$B$3:$E$524,4,0) -> 10000 | G63: =F63*E63 -> 500
B64: 5 | C64: Giấy lau | D64: hộp | E64: 0.02 | F64: =VLOOKUP(C64,[1]VL!$B$3:$E$524,4,0) -> 40000 | G64: =F64*E64 -> 800
A65: 12 | B65: 1NT9 | C65: Cyanua (CN-) | G65: =SUM(G66:G72)*1.08 -> 53868.24
B66: 1 | C66: Đá khô | D66: túi | E66: 0.5 | F66: =VLOOKUP(C66,[1]VL!$B$3:$E$524,4,0) -> 50000 | G66: =F66*E66 -> 25000
B67: 2 | C67: Hóa chất bảo quản mẫu | D67: ml | E67: 2 | F67: =VLOOKUP(C67,[1]VL!$B$3:$E$524,4,0) -> 8000 | G67: =F67*E67 -> 16000
B68: 3 | C68: Nước rửa dụng cụ | D68: lít | E68: 0.1 | F68: =VLOOKUP(C68,[1]VL!$B$3:$E$524,4,0) -> 280 | G68: =F68*E68 -> 28
B69: 4 | C69: Pin chuyên dụng | D69: cục | E69: 0.3 | F69: =VLOOKUP(C69,[1]VL!$B$3:$E$524,4,0) -> 25000 | G69: =F69*E69 -> 7500
B70: 5 | C70: Sổ công tác | D70: cuốn | E70: 0.005 | F70: =VLOOKUP(C70,[1]VL!$B$3:$E$524,4,0) -> 10000 | G70: =F70*E70 -> 50
B71: 6 | C71: Bút ghi kính | D71: cái | E71: 0.05 | F71: =VLOOKUP(C71,[1]VL!$B$3:$E$524,4,0) -> 10000 | G71: =F71*E71 -> 500
B72: 7 | C72: Giấy lau | D72: hộp | E72: 0.02 | F72: =VLOOKUP(C72,[1]VL!$B$3:$E$524,4,0) -> 40000 | G72: =F72*E72 -> 800
A73: 13 | B73: 1NT10a | C73: Tổng P | G73: =SUM(G74:G80)*1.08 -> 48664.8
B74: 1 | C74: Hóa chất bảo quản mẫu | D74: ml | E74: 2 | F74: =VLOOKUP(C74,[1]VL!$B$3:$E$524,4,0) -> 8000 | G74: =F74*E74 -> 16000
B75: 2 | C75: Sổ công tác | D75: cuốn | E75: 0.005 | F75: =VLOOKUP(C75,[1]VL!$B$3:$E$524,4,0) -> 10000 | G75: =F75*E75 -> 50
B76: 3 | C76: Đá khô | D76: túi | E76: 0.5 | F76: =VLOOKUP(C76,[1]VL!$B$3:$E$524,4,0) -> 50000 | G76: =F76*E76 -> 25000
B77: 4 | C77: Bút ghi kính | D77: cái | E77: 0.05 | F77: =VLOOKUP(C77,[1]VL!$B$3:$E$524,4,0) -> 10000 | G77: =F77*E77 -> 500
B78: 5 | C78: Giấy lau | D78: hộp | E78: 0.02 | F78: =VLOOKUP(C78,[1]VL!$B$3:$E$524,4,0) -> 40000 | G78: =F78*E78 -> 800
B79: 6 | C79: H2SO4 đậm đặc | D79: ml | E79: 1 | F79: =VLOOKUP(C79,[1]VL!$B$3:$E$524,4,0) -> 1310 | G79: =F79*E79 -> 1310
B80: 7 | C80: Bản đồ địa hình | D80: tờ | E80: 0.02 | F80: =VLOOKUP(C80,[1]VL!$B$3:$E$524,4,0) -> 70000 | G80: =F80*E80 -> 1400
A81: 14 | B81: 1NT10b | C81: Tổng N | D81: Như mục 1NT10a | G81: =G73 -> 48664.8
A82: 15 | B82: 1NT10c | C82: Nitơ amôn (NH4+) | D82: Như mục 1NT10a | G82: =G73 -> 48664.8
A83: 16 | B83: 1NT10d | C83: Sunlfua (S2-) | D83: Như mục 1NT10a | G83: =G73 -> 48664.8
A84: 17 | B84: 1NT10đ | C84: Crom (VI) | D84: Như mục 1NT10a | G84: =G73 -> 48664.8
A85: 18 | B85: 1NT10e | C85: Nitrate (NO3) | D85: Như mục 1NT10a | G85: =G73 -> 48664.8
A86: 19 | B86: 1NT10f | C86: Sulphat (SO42) | D86: Như mục 1NT10a | G86: =G73 -> 48664.8
A87: 20 | B87: 1NT10g | C87: Photphat (PO43-) | D87: Như mục 1NT10a | G87: =G73 -> 48664.8
A88: 21 | B88: 1NT10h | C88: Florua (F-) | D88: Như mục 1NT10a | G88: =G74 -> 16000
A89: 22 | B89: 1NT10i | C89: Clorua (Cl-) | D89: Như mục 1NT10a | G89: =G81 -> 48664.8
A90: 23 | B90: 1NT10j | C90: Clo dư (Cl2) | D90: Như mục 1NT10a | G90: =G82 -> 48664.8
A91: 24 | B91: 1NT10k1 | C91: Kim loại nặng (Pb) | D91: Như mục 1NT10a | G91: =G83 -> 48664.8
A92: 25 | B92: 1NT10k2 | C92: Kim loại nặng (Cd) | D92: Như mục 1NT10a | G92: =G84 -> 48664.8
A93: 26 | B93: 1NT10l1 | C93: Kim loại nặng (As) | D93: Như mục 1NT10a | G93: =G84 -> 48664.8
A94: 27 | B94: 1NT10l2 | C94: Kim loại nặng (Hg) | D94: Như mục 1NT10a | G94: =G73 -> 48664.8
A95: 28 | B95: 1NT10m1 | C95: Kim loại (Cu) | D95: Như mục 1NT10a | G95: =G85 -> 48664.8
A96: 29 | B96: 1NT10m2 | C96: Kim loại (Zn) | D96: Như mục 1NT10a | G96: =G73 -> 48664.8
A97: 30 | B97: 1NT10m3 | C97: Kim loại (Mn) | D97: Như mục 1NT10a | G97: =G73 -> 48664.8
A98: 31 | B98: 1NT10m4 | C98: Kim loại (Fe) | D98: Như mục 1NT10a | G98: =G73 -> 48664.8
A99: 32 | B99: 1NT10m5 | C99: Kim loại (Cr) | D99: Như mục 1NT10a | G99: =G73 -> 48664.8
A100: 33 | B100: 1NT10m6 | C100: Kim loại (Ni) | D100: Như mục 1NT10a | G100: =G73 -> 48664.8
...

Sheet TB
A1: TT | B1: Mã hiệu | C1: Danh mục thiết bị | D1: Đơn vị tính | E1: Công suất (Kw) | F1: Định mức (Ca) | G1: Mức KH/ca | H1: Nguyên giá (đồng) | I1: Thành tiền (đồng)
A2: A | B2: HOẠT ĐỘNG QUAN TRẮC VÀ PHÂN TÍCH MÔI TRƯỜNG NƯỚC THẢI
A3: A1 | B3: Công tác quan trắc môi trường nước thải tại hiện trường (1NT) | J3: 250
A4: 1 | B4: 1NT1 | C4: Nhiệt độ nước | I4: =SUM(I5:I9) -> 2672.5024
B5: 1 | C5: Thiết bị lấy mẫu nước | D5: bộ | F5: 0.036 | G5: =H5/(J5*$J$3) -> 41160 | H5: =VLOOKUP(C5,[1]TB!$B$3:$D$503,3,0) -> 51450000 | I5: =F5*G5 -> 1481.76 | J5: =VLOOKUP(C5,[1]TB!$B$3:$E$205,4,0) -> 5
B6: 2 | C6: Thiết bị đo hiện số | D6: bộ | E6: Pin khô | F6: 0.036 | G6: =H6/(J6*$J$3) -> 13538.4 | H6: =VLOOKUP(C6,[1]TB!$B$3:$D$503,3,0) -> 16923000 | I6: =F6*G6 -> 487.3824 | J6: =VLOOKUP(C6,[1]TB!$B$3:$E$205,4,0) -> 5
B7: 3 | C7: Máy định vị GPS cầm tay | D7: bộ | E7: Pin khô | F7: 0.036 | G7: =H7/(J7*$J$3) -> 8360 | H7: =VLOOKUP(C7,[1]TB!$B$3:$D$503,3,0) -> 10450000 | I7: =F7*G7 -> 300.96 | J7: =VLOOKUP(C7,[1]TB!$B$3:$E$205,4,0) -> 5
B8: 4 | C8: Máy ảnh kỹ thuật số | D8: cái | E8: Pin khô | F8: 0.02 | G8: =H8/(J8*$J$3) -> 2520 | H8: =VLOOKUP(C8,[1]TB!$B$3:$D$503,3,0) -> 3150000 | I8: =F8*G8 -> 50.4 | J8: =VLOOKUP(C8,[1]TB!$B$3:$E$205,4,0) -> 5
B9: 5 | C9: Máy khuấy từ | D9: cái | F9: 0.02 | G9: =H9/(J9*$J$3) -> 17600 | H9: =VLOOKUP(C9,[1]TB!$B$3:$D$503,3,0) -> 22000000 | I9: =F9*G9 -> 352 | J9: =VLOOKUP(C9,[1]TB!$B$3:$E$205,4,0) -> 5
A10: 2 | B10: 1NT2 | C10: pH | I10: =SUM(I11:I15) -> 2672.5024
B11: 1 | C11: Thiết bị lấy mẫu nước | D11: bộ | F11: 0.036 | G11: =H11/(J11*$J$3) -> 41160 | H11: =VLOOKUP(C11,[1]TB!$B$3:$D$503,3,0) -> 51450000 | I11: =F11*G11 -> 1481.76 | J11: =VLOOKUP(C11,[1]TB!$B$3:$E$205,4,0) -> 5
B12: 2 | C12: Thiết bị đo hiện số | D12: bộ | E12: Pin khô | F12: 0.036 | G12: =H12/(J12*$J$3) -> 13538.4 | H12: =VLOOKUP(C12,[1]TB!$B$3:$D$503,3,0) -> 16923000 | I12: =F12*G12 -> 487.3824 | J12: =VLOOKUP(C12,[1]TB!$B$3:$E$205,4,0) -> 5
B13: 3 | C13: Máy định vị GPS cầm tay | D13: bộ | E13: Pin khô | F13: 0.036 | G13: =H13/(J13*$J$3) -> 8360 | H13: =VLOOKUP(C13,[1]TB!$B$3:$D$503,3,0) -> 10450000 | I13: =F13*G13 -> 300.96 | J13: =VLOOKUP(C13,[1]TB!$B$3:$E$205,4,0) -> 5
B14: 4 | C14: Máy khuấy từ | D14: cái | F14: 0.02 | G14: =H14/(J14*$J$3) -> 17600 | H14: =VLOOKUP(C14,[1]TB!$B$3:$D$503,3,0) -> 22000000 | I14: =F14*G14 -> 352 | J14: =VLOOKUP(C14,[1]TB!$B$3:$E$205,4,0) -> 5
B15: 5 | C15: Máy ảnh kỹ thuật số | D15: cái | E15: Pin khô | F15: 0.02 | G15: =H15/(J15*$J$3) -> 2520 | H15: =VLOOKUP(C15,[1]TB!$B$3:$D$503,3,0) -> 3150000 | I15: =F15*G15 -> 50.4 | J15: =VLOOKUP(C15,[1]TB!$B$3:$E$205,4,0) -> 5
A16: 3 | B16: 1NT3 | C16: Vận tốc | I16: =SUM(I17:I19) -> 838.7424
B17: 1 | C17: Thiết bị đo hiện số | D17: bộ | E17: Pin khô | F17: 0.036 | G17: =H17/(J17*$J$3) -> 13538.4 | H17: =VLOOKUP(C17,[1]TB!$B$3:$D$503,3,0) -> 16923000 | I17: =F17*G17 -> 487.3824 | J17: =VLOOKUP(C17,[1]TB!$B$3:$E$205,4,0) -> 5
B18: 2 | C18: Máy định vị GPS cầm tay | D18: bộ | E18: Pin khô | F18: 0.036 | G18: =H18/(J18*$J$3) -> 8360 | H18: =VLOOKUP(C18,[1]TB!$B$3:$D$503,3,0) -> 10450000 | I18: =F18*G18 -> 300.96 | J18: =VLOOKUP(C18,[1]TB!$B$3:$E$205,4,0) -> 5
B19: 3 | C19: Máy ảnh kỹ thuật số | D19: cái | E19: Pin khô | F19: 0.02 | G19: =H19/(J19*$J$3) -> 2520 | H19: =VLOOKUP(C19,[1]TB!$B$3:$D$503,3,0) -> 3150000 | I19: =F19*G19 -> 50.4 | J19: =VLOOKUP(C19,[1]TB!$B$3:$E$205,4,0) -> 5
A20: 4 | B20: 1NT4a | C20: TDS | I20: =SUM(I21:I23) -> 838.7424
B21: 1 | C21: Thiết bị đo hiện số | D21: bộ | E21: Pin khô | F21: 0.036 | G21: =H21/(J21*$J$3) -> 13538.4 | H21: =VLOOKUP(C21,[1]TB!$B$3:$D$503,3,0) -> 16923000 | I21: =F21*G21 -> 487.3824 | J21: =VLOOKUP(C21,[1]TB!$B$3:$E$205,4,0) -> 5
B22: 2 | C22: Máy định vị GPS cầm tay | D22: bộ | E22: Pin khô | F22: 0.036 | G22: =H22/(J22*$J$3) -> 8360 | H22: =VLOOKUP(C22,[1]TB!$B$3:$D$503,3,0) -> 10450000 | I22: =F22*G22 -> 300.96 | J22: =VLOOKUP(C22,[1]TB!$B$3:$E$205,4,0) -> 5
B23: 3 | C23: Máy ảnh kỹ thuật số | D23: cái | E23: Pin khô | F23: 0.02 | G23: =H23/(J23*$J$3) -> 2520 | H23: =VLOOKUP(C23,[1]TB!$B$3:$D$503,3,0) -> 3150000 | I23: =F23*G23 -> 50.4 | J23: =VLOOKUP(C23,[1]TB!$B$3:$E$205,4,0) -> 5
A24: 5 | B24: 1NT4b | C24: Độ màu | D24: Như mục 1NT4a | I24: =I20 -> 838.7424
A25: 6 | B25: 1NT5a | C25: Nhu cầu oxy sinh hóa (BOD5) | I25: =SUM(I26:I28) -> 1833.12
B26: 1 | C26: Thiết bị lấy mẫu nước | D26: bộ | F26: 0.036 | G26: =H26/(J26*$J$3) -> 41160 | H26: =VLOOKUP(C26,[1]TB!$B$3:$D$503,3,0) -> 51450000 | I26: =F26*G26 -> 1481.76 | J26: =VLOOKUP(C26,[1]TB!$B$3:$E$205,4,0) -> 5
B27: 2 | C27: Máy định vị GPS cầm tay | D27: bộ | E27: Pin khô | F27: 0.036 | G27: =H27/(J27*$J$3) -> 8360 | H27: =VLOOKUP(C27,[1]TB!$B$3:$D$503,3,0) -> 10450000 | I27: =F27*G27 -> 300.96 | J27: =VLOOKUP(C27,[1]TB!$B$3:$E$205,4,0) -> 5
B28: 3 | C28: Máy ảnh kỹ thuật số | D28: cái | E28: Pin khô | F28: 0.02 | G28: =H28/(J28*$J$3) -> 2520 | H28: =VLOOKUP(C28,[1]TB!$B$3:$D$503,3,0) -> 3150000 | I28: =F28*G28 -> 50.4 | J28: =VLOOKUP(C28,[1]TB!$B$3:$E$205,4,0) -> 5
A29: 7 | B29: 1NT5b | C29: Nhu cầu oxy hoá học (COD) | I29: =SUM(I30:I32) -> 1833.12
B30: 1 | C30: Thiết bị lấy mẫu nước | D30: bộ | F30: 0.036 | G30: =H30/(J30*$J$3) -> 41160 | H30: =VLOOKUP(C30,[1]TB!$B$3:$D$503,3,0) -> 51450000 | I30: =F30*G30 -> 1481.76 | J30: =VLOOKUP(C30,[1]TB!$B$3:$E$205,4,0) -> 5
B31: 2 | C31: Máy định vị GPS cầm tay | D31: bộ | E31: Pin khô | F31: 0.036 | G31: =H31/(J31*$J$3) -> 8360 | H31: =VLOOKUP(C31,[1]TB!$B$3:$D$503,3,0) -> 10450000 | I31: =F31*G31 -> 300.96 | J31: =VLOOKUP(C31,[1]TB!$B$3:$E$205,4,0) -> 5
B32: 3 | C32: Máy ảnh kỹ thuật số | D32: cái | E32: Pin khô | F32: 0.02 | G32: =H32/(J32*$J$3) -> 2520 | H32: =VLOOKUP(C32,[1]TB!$B$3:$D$503,3,0) -> 3150000 | I32: =F32*G32 -> 50.4 | J32: =VLOOKUP(C32,[1]TB!$B$3:$E$205,4,0) -> 5
A33: 8 | B33: 1NT6 | C33: Chất rắn lơ lửng (SS) | I33: =SUM(I34:I36) -> 1833.12
B34: 1 | C34: Thiết bị lấy mẫu nước | D34: bộ | F34: 0.036 | G34: =H34/(J34*$J$3) -> 41160 | H34: =VLOOKUP(C34,[1]TB!$B$3:$D$503,3,0) -> 51450000 | I34: =F34*G34 -> 1481.76 | J34: =VLOOKUP(C34,[1]TB!$B$3:$E$205,4,0) -> 5
B35: 2 | C35: Thiết bị định vị GPS | D35: bộ | E35: Pin khô | F35: 0.036 | G35: =H35/(J35*$J$3) -> 8360 | H35: =VLOOKUP(C35,[1]TB!$B$3:$D$503,3,0) -> 10450000 | I35: =F35*G35 -> 300.96 | J35: =VLOOKUP(C35,[1]TB!$B$3:$E$205,4,0) -> 5
B36: 3 | C36: Máy ảnh kỹ thuật số | D36: cái | E36: Pin khô | F36: 0.02 | G36: =H36/(J36*$J$3) -> 2520 | H36: =VLOOKUP(C36,[1]TB!$B$3:$D$503,3,0) -> 3150000 | I36: =F36*G36 -> 50.4 | J36: =VLOOKUP(C36,[1]TB!$B$3:$E$205,4,0) -> 5
A37: 9 | B37: 1NT7a | C37: Coliform | I37: =SUM(I38:I40) -> 1833.12
B38: 1 | C38: Thiết bị lấy mẫu nước | D38: bộ | F38: 0.036 | G38: =H38/(J38*$J$3) -> 41160 | H38: =VLOOKUP(C38,[1]TB!$B$3:$D$503,3,0) -> 51450000 | I38: =F38*G38 -> 1481.76 | J38: =VLOOKUP(C38,[1]TB!$B$3:$E$205,4,0) -> 5
B39: 2 | C39: Máy định vị GPS cầm tay | D39: bộ | E39: Pin khô | F39: 0.036 | G39: =H39/(J39*$J$3) -> 8360 | H39: =VLOOKUP(C39,[1]TB!$B$3:$D$503,3,0) -> 10450000 | I39: =F39*G39 -> 300.96 | J39: =VLOOKUP(C39,[1]TB!$B$3:$E$205,4,0) -> 5
B40: 3 | C40: Máy ảnh kỹ thuật số | D40: cái | E40: Pin khô | F40: 0.02 | G40: =H40/(J40*$J$3) -> 2520 | H40: =VLOOKUP(C40,[1]TB!$B$3:$D$503,3,0) -> 3150000 | I40: =F40*G40 -> 50.4 | J40: =VLOOKUP(C40,[1]TB!$B$3:$E$205,4,0) -> 5
A41: 10 | B41: 1NT7b | C41: E.Coli | F41: Như mục 1NT7a | I41: =I37 -> 1833.12
A42: 11 | B42: 1NT8 | C42: Dầu mỡ | I42: =SUM(I43:I45) -> 1833.12
B43: 1 | C43: Thiết bị lấy mẫu nước | D43: bộ | F43: 0.036 | G43: =H43/(J43*$J$3) -> 41160 | H43: =VLOOKUP(C43,[1]TB!$B$3:$D$503,3,0) -> 51450000 | I43: =F43*G43 -> 1481.76 | J43: =VLOOKUP(C43,[1]TB!$B$3:$E$205,4,0) -> 5
B44: 2 | C44: Máy định vị GPS cầm tay | D44: bộ | E44: Pin khô | F44: 0.036 | G44: =H44/(J44*$J$3) -> 8360 | H44: =VLOOKUP(C44,[1]TB!$B$3:$D$503,3,0) -> 10450000 | I44: =F44*G44 -> 300.96 | J44: =VLOOKUP(C44,[1]TB!$B$3:$E$205,4,0) -> 5
B45: 3 | C45: Máy ảnh kỹ thuật số | D45: cái | E45: Pin khô | F45: 0.02 | G45: =H45/(J45*$J$3) -> 2520 | H45: =VLOOKUP(C45,[1]TB!$B$3:$D$503,3,0) -> 3150000 | I45: =F45*G45 -> 50.4 | J45: =VLOOKUP(C45,[1]TB!$B$3:$E$205,4,0) -> 5
A46: 12 | B46: 1NT9 | C46: Cyanua (CN-) | I46: =SUM(I47:I49) -> 1833.12
B47: 1 | C47: Thiết bị lấy mẫu nước | D47: bộ | F47: 0.036 | G47: =H47/(J47*$J$3) -> 41160 | H47: =VLOOKUP(C47,[1]TB!$B$3:$D$503,3,0) -> 51450000 | I47: =F47*G47 -> 1481.76 | J47: =VLOOKUP(C47,[1]TB!$B$3:$E$205,4,0) -> 5
B48: 2 | C48: Máy định vị GPS cầm tay | D48: bộ | E48: Pin khô | F48: 0.036 | G48: =H48/(J48*$J$3) -> 8360 | H48: =VLOOKUP(C48,[1]TB!$B$3:$D$503,3,0) -> 10450000 | I48: =F48*G48 -> 300.96 | J48: =VLOOKUP(C48,[1]TB!$B$3:$E$205,4,0) -> 5
B49: 3 | C49: Máy ảnh kỹ thuật số | D49: cái | E49: Pin khô | F49: 0.02 | G49: =H49/(J49*$J$3) -> 2520 | H49: =VLOOKUP(C49,[1]TB!$B$3:$D$503,3,0) -> 3150000 | I49: =F49*G49 -> 50.4 | J49: =VLOOKUP(C49,[1]TB!$B$3:$E$205,4,0) -> 5
A50: 13 | B50: 1NT10a | C50: Tổng P | I50: =SUM(I51:I53) -> 1833.12
B51: 1 | C51: Thiết bị lấy mẫu nước | D51: bộ | F51: 0.036 | G51: =H51/(J51*$J$3) -> 41160 | H51: =VLOOKUP(C51,[1]TB!$B$3:$D$503,3,0) -> 51450000 | I51: =F51*G51 -> 1481.76 | J51: =VLOOKUP(C51,[1]TB!$B$3:$E$205,4,0) -> 5
B52: 2 | C52: Máy định vị GPS cầm tay | D52: bộ | E52: Pin khô | F52: 0.036 | G52: =H52/(J52*$J$3) -> 8360 | H52: =VLOOKUP(C52,[1]TB!$B$3:$D$503,3,0) -> 10450000 | I52: =F52*G52 -> 300.96 | J52: =VLOOKUP(C52,[1]TB!$B$3:$E$205,4,0) -> 5
B53: 3 | C53: Máy ảnh kỹ thuật số | D53: cái | E53: Pin khô | F53: 0.02 | G53: =H53/(J53*$J$3) -> 2520 | H53: =VLOOKUP(C53,[1]TB!$B$3:$D$503,3,0) -> 3150000 | I53: =F53*G53 -> 50.4 | J53: =VLOOKUP(C53,[1]TB!$B$3:$E$205,4,0) -> 5
A54: 14 | B54: 1NT10b | C54: Tổng N | F54: Như mục 1NT10a | I54: =I50 -> 1833.12
A55: 15 | B55: 1NT10c | C55: Nitơ amôn (NH4+) | F55: Như mục 1NT10a | I55: =I50 -> 1833.12
A56: 16 | B56: 1NT10d | C56: Sunlfua (S2-) | F56: Như mục 1NT10a | I56: =I50 -> 1833.12
A57: 17 | B57: 1NT10đ | C57: Crom (VI) | F57: Như mục 1NT10a | I57: =I50 -> 1833.12
A58: 18 | B58: 1NT10e | C58: Nitrate (NO3) | F58: Như mục 1NT10a | I58: =I50 -> 1833.12
A59: 19 | B59: 1NT10f | C59: Sulphat (SO42) | F59: Như mục 1NT10a | I59: =I50 -> 1833.12
A60: 20 | B60: 1NT10g | C60: Photphat (PO43-) | F60: Như mục 1NT10a | I60: =I50 -> 1833.12
A61: 21 | B61: 1NT10h | C61: Florua (F-) | F61: Như mục 1NT10a | I61: =I50 -> 1833.12
A62: 22 | B62: 1NT10i | C62: Clorua (Cl-) | F62: Như mục 1NT10a | I62: =I50 -> 1833.12
A63: 23 | B63: 1NT10j | C63: Clo dư (Cl2) | F63: Như mục 1NT10a | I63: =I50 -> 1833.12
A64: 24 | B64: 1NT10k1 | C64: Kim loại nặng (Pb) | F64: Như mục 1NT10a | I64: =I50 -> 1833.12
A65: 25 | B65: 1NT10k2 | C65: Kim loại nặng (Cd) | F65: Như mục 1NT10a | I65: =I64 -> 1833.12
A66: 26 | B66: 1NT10l1 | C66: Kim loại nặng (As) | F66: Như mục 1NT10a | I66: =I50 -> 1833.12
A67: 27 | B67: 1NT10l2 | C67: Kim loại nặng (Hg) | F67: Như mục 1NT10a | I67: =I66 -> 1833.12
A68: 28 | B68: 1NT10m1 | C68: Kim loại (Cu) | F68: Như mục 1NT10a | I68: =I50 -> 1833.12
A69: 29 | B69: 1NT10m2 | C69: Kim loại (Zn) | F69: Như mục 1NT10a | I69: =I68 -> 1833.12
A70: 30 | B70: 1NT10m3 | C70: Kim loại (Mn) | F70: Như mục 1NT10a | I70: =I69 -> 1833.12
A71: 31 | B71: 1NT10m4 | C71: Kim loại (Fe) | F71: Như mục 1NT10a | I71: =I69 -> 1833.12
A72: 32 | B72: 1NT10m5 | C72: Kim loại (Cr) | F72: Như mục 1NT10a | I72: =I69 -> 1833.12
A73: 33 | B73: 1NT10m6 | C73: Kim loại (Ni) | F73: Như mục 1NT10a | I73: =I69 -> 1833.12
A74: 34 | B74: 1NT11 | C74: Phenol | F74: Như mục 1NT9 | I74: =I46 -> 1833.12
A75: 35 | B75: 1NT12 | C75: Chất hoạt động bề mặt | F75: Như mục 1NT9 | I75: =I46 -> 1833.12
A76: 36 | B76: 1NT13a | C76: Hóa chất BVTV clo hữa cơ | I76: =SUM(I77:I79) -> 1833.12
B77: 1 | C77: Thiết bị lấy mẫu nước | D77: bộ | F77: 0.036 | G77: =H77/(J77*$J$3) -> 41160 | H77: =VLOOKUP(C77,[1]TB!$B$3:$D$503,3,0) -> 51450000 | I77: =F77*G77 -> 1481.76 | J77: =VLOOKUP(C77,[1]TB!$B$3:$E$205,4,0) -> 5
B78: 2 | C78: Máy định vị GPS cầm tay | D78: bộ | E78: Pin khô | F78: 0.036 | G78: =H78/(J78*$J$3) -> 8360 | H78: =VLOOKUP(C78,[1]TB!$B$3:$D$503,3,0) -> 10450000 | I78: =F78*G78 -> 300.96 | J78: =VLOOKUP(C78,[1]TB!$B$3:$E$205,4,0) -> 5
B79: 3 | C79: Máy ảnh kỹ thuật số | D79: cái | E79: Pin khô | F79: 0.02 | G79: =H79/(J79*$J$3) -> 2520 | H79: =VLOOKUP(C79,[1]TB!$B$3:$D$503,3,0) -> 3150000 | I79: =F79*G79 -> 50.4 | J79: =VLOOKUP(C79,[1]TB!$B$3:$E$205,4,0) -> 5
A80: 37 | B80: 1NT13b | C80: HCBVTV phot pho hữu cơ | F80: Như mục 1NT13a | I80: =I76 -> 1833.12
A81: 38 | B81: 1NT13c | C81: PCBs | F81: Như mục 1NT13a | I81: =I76 -> 1833.12
A82: A2 | B82: Công tác phân tích các thông số môi trường nước thải trong phòng thí nghiệm (2NT) | J82: 500
A83: 1 | B83: 2NT5a | C83: Nhu cầu oxy sinh hóa (BOD5) | I83: =SUM(I84:I88) -> 22790.6
B84: 1 | C84: Tủ ủ BOD | D84: cái | E84: 0.8 | F84: 0.2 | G84: =H84/(J84*$J$82) -> 23100 | H84: =VLOOKUP(C84,[1]TB!$B$3:$D$503,3,0) -> 57750000 | I84: =F84*G84 -> 4620 | J84: =VLOOKUP(C84,[1]TB!$B$3:$E$205,4,0) -> 5
B85: 2 | C85: Tủ bảo quản mẫu | D85: cái | E85: 0.16 | F85: 0.04 | G85: =H85/(J85*$J$82) -> 14700 | H85: =VLOOKUP(C85,[1]TB!$B$3:$D$503,3,0) -> 58800000 | I85: =G85*F85 -> 588 | J85: =VLOOKUP(C85,[1]TB!$B$3:$E$205,4,0) -> 8
B86: 3 | C86: Tủ lưu hóa chất | D86: cái | E86: 0.16 | F86: 0.4 | G86: =H86/(J86*$J$82) -> 23520 | H86: =VLOOKUP(C86,[1]TB!$B$3:$D$503,3,0) -> 58800000 | I86: =G86*F86 -> 9408 | J86: =VLOOKUP(C86,[1]TB!$B$3:$E$205,4,0) -> 5
B87: 4 | C87: Thiết bị cất nước 2 lần | D87: bộ | E87: 0.18 | F87: 0.2 | G87: =H87/(J87*$J$82) -> 39600 | H87: =VLOOKUP(C87,[1]TB!$B$3:$D$503,3,0) -> 99000000 | I87: =F87*G87 -> 7920 | J87: =VLOOKUP(C87,[1]TB!$B$3:$E$205,4,0) -> 5
B88: 5 | C88: Máy điều hòa nhiệt độ | D88: cái | E88: 2.2 | F88: 0.067 | G88: =H88/(J88*$J$82) -> 3800 | H88: =VLOOKUP(C88,[1]TB!$B$3:$D$503,3,0) -> 9500000 | I88: =F88*G88 -> 254.6 | J88: =VLOOKUP(C88,[1]TB!$B$3:$E$205,4,0) -> 5
B89: 6 | C89: Điện năng | D89: kw | F89: 4.045 | H89: =VLOOKUP(C89,[1]TB!$B$3:$D$503,3,0) -> 1838 | I89: =H89*F89 -> 7434.71 | J89: =VLOOKUP(C89,[1]TB!$B$3:$E$205,4,0) -> 0
A90: 2 | B90: 2NT5b | C90: Nhu cầu oxy hóa học (COD) | I90: =SUM(I91:I98) -> 40558.6
B91: 1 | C91: Tủ hút | D91: cái | E91: 0.1 | F91: 0.2 | G91: =H91/(J91*$J$82) -> 57960 | H91: =VLOOKUP(C91,[1]TB!$B$3:$D$503,3,0) -> 144900000 | I91: =G91*F91 -> 11592 | J91: =VLOOKUP(C91,[1]TB!$B$3:$E$205,4,0) -> 5
B92: 2 | C92: Tủ sấy | D92: cái | E92: 0.3 | F92: 0.35 | G92: =H92/(J92*$J$82) -> 6208 | H92: =VLOOKUP(C92,[1]TB!$B$3:$D$503,3,0) -> 31040000 | I92: =G92*F92 -> 2172.8 | J92: =VLOOKUP(C92,[1]TB!$B$3:$E$205,4,0) -> 10
B93: 3 | C93: Tủ bảo quản mẫu | D93: cái | E93: 0.16 | F93: 0.04 | G93: =H93/(J93*$J$82) -> 14700 | H93: =VLOOKUP(C93,[1]TB!$B$3:$D$503,3,0) -> 58800000 | I93: =G93*F93 -> 588 | J93: =VLOOKUP(C93,[1]TB!$B$3:$E$205,4,0) -> 8
B94: 4 | C94: Tủ lưu hóa chất | D94: cái | E94: 0.16 | F94: 0.4 | G94: =H94/(J94*$J$82) -> 23520 | H94: =VLOOKUP(C94,[1]TB!$B$3:$D$503,3,0) -> 58800000 | I94: =G94*F94 -> 9408 | J94: =VLOOKUP(C94,[1]TB!$B$3:$E$205,4,0) -> 5
B95: 5 | C95: Thiết bị phản ứng COD | D95: bộ | E95: 0.45 | F95: 0.32 | G95: =H95/(J95*$J$82) -> 22260 | H95: =VLOOKUP(C95,[1]TB!$B$3:$D$503,3,0) -> 55650000 | I95: =G95*F95 -> 7123.2 | J95: =VLOOKUP(C95,[1]TB!$B$3:$E$205,4,0) -> 5
B96: 6 | C96: Cân phân tích | D96: cái | E96: 0.06 | F96: 0.2 | G96: =H96/(J96*$J$82) -> 7500 | H96: =VLOOKUP(C96,[1]TB!$B$3:$D$503,3,0) -> 30000000 | I96: =G96*F96 -> 1500 | J96: =VLOOKUP(C96,[1]TB!$B$3:$E$205,4,0) -> 8
B97: 7 | C97: Thiết bị cất nước 2 lần | D97: bộ | E97: 0.18 | F97: 0.2 | G97: =H97/(J97*$J$82) -> 39600 | H97: =VLOOKUP(C97,[1]TB!$B$3:$D$503,3,0) -> 99000000 | I97: =G97*F97 -> 7920 | J97: =VLOOKUP(C97,[1]TB!$B$3:$E$205,4,0) -> 5
B98: 8 | C98: Máy điều hòa nhiệt độ | D98: cái | E98: 2.2 | F98: 0.067 | G98: =H98/(J98*$J$82) -> 3800 | H98: =VLOOKUP(C98,[1]TB!$B$3:$D$503,3,0) -> 9500000 | I98: =G98*F98 -> 254.6 | J98: =VLOOKUP(C98,[1]TB!$B$3:$E$205,4,0) -> 5
B99: 9 | C99: Điện năng | D99: kw | F99: 5.997 | H99: =VLOOKUP(C99,[1]TB!$B$3:$D$503,3,0) -> 1838 | I99: =H99*F99 -> 11022.486 | J99: =VLOOKUP(C99,[1]TB!$B$3:$E$205,4,0) -> 0
A100: 3 | B100: 2NT6 | C100: Chất rắn lơ lửng (SS) | I100: =SUM(I101:I106) -> 14053.4
...

Sheet TH dongia
A1: PHỤ LỤC 9
A2: TỔNG HỢP ĐƠN GIÁ SẢN PHẨM HOẠT ĐỘNG QUAN TRẮC NƯỚC THẢI
B3: Hệ số lương tối thiểu: 1.300.000 đồng/ tháng | I3: Đơn vị tính: đồng/thông số
A4: Số TT | B4: Mã hiệu | C4: Thông số quan trắc | D4: Chi phí LĐKT | E4: Chi phí CCDC | F4: Chi phí vật liệu | G4: CP năng lượng | H4: Chi phí khấu hao | I4: Chi phí trực tiếp | J4: Chi phí chung (20%) | K4: Đơn giá (không VAT)
A5: A | B5: B | C5: C | D5: 1 | E5: 2 | F5: 3 | G5: 4 | H5: 5 | I5: 6=1+2+3+4 | J5: 7=6*20% | K5: 8=6+7
A6: A | B6: HOẠT ĐỘNG QUAN TRẮC NƯỚC THẢI
A7: A1 | B7: Công tác quan trắc nước thải tại hiện trường (1NT)
A8: 1 | B8: 1NT1 | C8: Nhiệt độ | D8: =VLOOKUP(B8,LDKT!$B$6:$G$1236,6,0) -> 43767.6 | E8: =VLOOKUP(B8,Dcu!$A$7:$G$1960,7,0) -> 2850.3462 | F8: =VLOOKUP(B8,VL!$B$7:$G$1005,6,0) -> 57834 | G8: 0 | H8: =VLOOKUP(B8,TB!$B$4:$I$2042,8,0) -> 2672.5024 | I8: =D8+E8+F8+G8 -> 104451.95 | J8: =I8*20% -> 20890.389 | K8: =ROUND((J8+I8),-2) -> 125300
A9: 2 | B9: 1NT2 | C9: pH | D9: =VLOOKUP(B9,LDKT!$B$6:$G$1236,6,0) -> 43767.6 | E9: =VLOOKUP(B9,Dcu!$A$7:$G$1960,7,0) -> 2850.3462 | F9: =VLOOKUP(B9,VL!$B$7:$G$1005,6,0) -> 87156 | G9: 0 | H9: =VLOOKUP(B9,TB!$B$4:$I$2042,8,0) -> 2672.5024 | I9: =D9+E9+F9+G9 -> 133773.95 | J9: =I9*20% -> 26754.789 | K9: =ROUND((J9+I9),-2) -> 160500
A10: 3 | B10: 1NT3 | C10: Vận tốc | D10: =VLOOKUP(B10,LDKT!$B$6:$G$1236,6,0) -> 98187.6 | E10: =VLOOKUP(B10,Dcu!$A$7:$G$1960,7,0) -> 3102.5077 | F10: =VLOOKUP(B10,VL!$B$7:$G$1005,6,0) -> 2646 | G10: 0 | H10: =VLOOKUP(B10,TB!$B$4:$I$2042,8,0) -> 838.7424 | I10: =D10+E10+F10+G10 -> 103936.11 | J10: =I10*20% -> 20787.222 | K10: =ROUND((J10+I10),-2) -> 124700
A11: 4 | B11: 1NT4b | C11: TDS | D11: =VLOOKUP(B11,LDKT!$B$6:$G$1236,6,0) -> 43767.6 | E11: =VLOOKUP(B11,Dcu!$A$7:$G$1960,7,0) -> 4655.4846 | F11: =VLOOKUP(B11,VL!$B$7:$G$1005,6,0) -> 70416 | G11: 0 | H11: =VLOOKUP(B11,TB!$B$4:$I$2042,8,0) -> 838.7424 | I11: =D11+E11+F11+G11 -> 118839.08 | J11: =I11*20% -> 23767.817 | K11: =ROUND((J11+I11),-2) -> 142600
A12: 5 | B12: 1NT4a | C12: Độ màu | D12: =VLOOKUP(B12,LDKT!$B$6:$G$1236,6,0) -> 43767.6 | E12: =VLOOKUP(B12,Dcu!$A$7:$G$1960,7,0) -> 4655.4846 | F12: =VLOOKUP(B12,VL!$B$7:$G$1005,6,0) -> 70416 | G12: 0 | H12: =VLOOKUP(B12,TB!$B$4:$I$2042,8,0) -> 838.7424 | I12: =D12+E12+F12+G12 -> 118839.08 | J12: =I12*20% -> 23767.817 | K12: =ROUND((J12+I12),-2) -> 142600
A13: 6 | B13: 1NT5a | C13: Nhu cầu oxy sinh hoá (BOD5 | D13: =VLOOKUP(B13,LDKT!$B$6:$G$1236,6,0) -> 43767.6 | E13: =VLOOKUP(B13,Dcu!$A$7:$G$1960,7,0) -> 4639.3308 | F13: =VLOOKUP(B13,VL!$B$7:$G$1005,6,0) -> 28458 | G13: 0 | H13: =VLOOKUP(B13,TB!$B$4:$I$2042,8,0) -> 1833.12 | I13: =D13+E13+F13+G13 -> 76864.931 | J13: =I13*20% -> 15372.986 | K13: =ROUND((J13+I13),-2) -> 92200
A14: 7 | B14: 1NT5b | C14: Nhu cầu oxy hoá học (COD) | D14: =VLOOKUP(B14,LDKT!$B$6:$G$1236,6,0) -> 43767.6 | E14: =VLOOKUP(B14,Dcu!$A$7:$G$1960,7,0) -> 4655.4846 | F14: =VLOOKUP(B14,VL!$B$7:$G$1005,6,0) -> 37638 | G14: 0 | H14: =VLOOKUP(B14,TB!$B$4:$I$2042,8,0) -> 1833.12 | I14: =D14+E14+F14+G14 -> 86061.085 | J14: =I14*20% -> 17212.217 | K14: =ROUND((J14+I14),-2) -> 103300
A15: 8 | B15: 1NT6 | C15: Chất rắn lơ lửng (SS) | D15: =VLOOKUP(B15,LDKT!$B$6:$G$1236,6,0) -> 43767.6 | E15: =VLOOKUP(B15,Dcu!$A$7:$G$1960,7,0) -> 4913.9462 | F15: =VLOOKUP(B15,VL!$B$7:$G$1005,6,0) -> 28296 | G15: 0 | H15: =VLOOKUP(B15,TB!$B$4:$I$2042,8,0) -> 1833.12 | I15: =D15+E15+F15+G15 -> 76977.546 | J15: =I15*20% -> 15395.509 | K15: =ROUND((J15+I15),-2) -> 92400
A16: 9 | B16: 1NT7a | C16: Coliform | D16: =VLOOKUP(B16,LDKT!$B$6:$G$1236,6,0) -> 49093.8 | E16: =VLOOKUP(B16,Dcu!$A$7:$G$1960,7,0) -> 4707.1769 | F16: =VLOOKUP(B16,VL!$B$7:$G$1005,6,0) -> 45738 | G16: 0 | H16: =VLOOKUP(B16,TB!$B$4:$I$2042,8,0) -> 1833.12 | I16: =D16+E16+F16+G16 -> 99538.977 | J16: =I16*20% -> 19907.795 | K16: =ROUND((J16+I16),-2) -> 119400
A17: 10 | B17: 1NT7b | C17: E.Coli | D17: =VLOOKUP(B17,LDKT!$B$6:$G$1236,6,0) -> 54420 | E17: =VLOOKUP(B17,Dcu!$A$7:$G$1960,7,0) -> 4707.1769 | F17: =VLOOKUP(B17,VL!$B$7:$G$1005,6,0) -> 45738 | G17: 0 | H17: =VLOOKUP(B17,TB!$B$4:$I$2042,8,0) -> 1833.12 | I17: =D17+E17+F17+G17 -> 104865.18 | J17: =I17*20% -> 20973.035 | K17: =ROUND((J17+I17),-2) -> 125800
A18: 11 | B18: 1NT8 | C18: Tổng Dầu, mỡ khoáng | D18: =VLOOKUP(B18,LDKT!$B$6:$G$1236,6,0) -> 54420 | E18: =VLOOKUP(B18,Dcu!$A$7:$G$1960,7,0) -> 4924.7154 | F18: =VLOOKUP(B18,VL!$B$7:$G$1005,6,0) -> 45738 | G18: 0 | H18: =VLOOKUP(B18,TB!$B$4:$I$2042,8,0) -> 1833.12 | I18: =D18+E18+F18+G18 -> 105082.72 | J18: =I18*20% -> 21016.543 | K18: =ROUND((J18+I18),-2) -> 126100
A19: 12 | B19: 1NT9 | C19: Cyanua (CN-) | D19: =VLOOKUP(B19,LDKT!$B$6:$G$1236,6,0) -> 49093.8 | E19: =VLOOKUP(B19,Dcu!$A$7:$G$1960,7,0) -> 4646.6 | F19: =VLOOKUP(B19,VL!$B$7:$G$1005,6,0) -> 53868.24 | G19: 0 | H19: =VLOOKUP(B19,TB!$B$4:$I$2042,8,0) -> 1833.12 | I19: =D19+E19+F19+G19 -> 107608.64 | J19: =I19*20% -> 21521.728 | K19: =ROUND((J19+I19),-2) -> 129100
... A45: 38 | B45: 1NT13c | C45: PCBs | D45: =VLOOKUP(B45,LDKT!$B$6:$G$1236,6,0) -> 54420 | E45: =VLOOKUP(B45,Dcu!$A$7:$G$1960,7,0) -> 4639.3308 | F45: =VLOOKUP(B45,VL!$B$7:$G$1005,6,0) -> 18740.7 | G45: 0 | H45: =VLOOKUP(B45,TB!$B$4:$I$2042,8,0) -> 1833.12 | I45: =D45+E45+F45+G45 -> 77800.031 | J45: =I45*20% -> 15560.006 | K45: =ROUND((J45+I45),-2) -> 93400
A46: A2 | B46: Công tác phân tích nước thải trong phòng thí nghiệm (2NT)
A47: 1 | B47: 2NT5a | C47: Nhu cầu oxy sinh hoá (BOD5) | D47: =VLOOKUP(B47,LDKT!$B$6:$G$1236,6,0) -> 76311.55 | E47: =VLOOKUP(B47,Dcu!$A$7:$G$1960,7,0) -> 64236.071 | F47: =VLOOKUP(B47,VL!$B$7:$G$1005,6,0) -> 17356.896 | G47: =TB!I89 -> 7434.71 | H47: =VLOOKUP(B47,TB!$B$4:$I$2042,8,0) -> 22790.6 | I47: =D47+E47+F47+G47 -> 165339.23 | J47: =I47*20% -> 33067.845 | K47: =ROUND((J47+I47),-2) -> 198400
A48: 2 | B48: 2NT5b | C48: Nhu cầu oxy hoá học (COD) | D48: =VLOOKUP(B48,LDKT!$B$6:$G$1236,6,0) -> 81182.5 | E48: =VLOOKUP(B48,Dcu!$A$7:$G$1960,7,0) -> 22248.892 | F48: =VLOOKUP(B48,VL!$B$7:$G$1005,6,0) -> 65399.4 | G48: =TB!I99 -> 11022.486 | H48: =VLOOKUP(B48,TB!$B$4:$I$2042,8,0) -> 40558.6 | I48: =D48+E48+F48+G48 -> 179853.28 | J48: =I48*20% -> 35970.656 | K48: =ROUND((J48+I48),-2) -> 215800
A49: 3 | B49: 2NT6 | C49: Chất rắn lơ lửng (SS) | D49: =VLOOKUP(B49,LDKT!$B$6:$G$1236,6,0) -> 76311.55 | E49: =VLOOKUP(B49,Dcu!$A$7:$G$1960,7,0) -> 3577.8846 | F49: =VLOOKUP(B49,VL!$B$7:$G$1005,6,0) -> 20536.2 | G49: =TB!I107 -> 10562.986 | H49: =VLOOKUP(B49,TB!$B$4:$I$2042,8,0) -> 14053.4 | I49: =D49+E49+F49+G49 -> 110988.62 | J49: =I49*20% -> 22197.724 | K49: =ROUND((J49+I49),-2) -> 133200
A50: 4 | B50: 2NT7a1 | C50: Coliform (TCVN 6187-1:2009) | D50: =VLOOKUP(B50,LDKT!$B$6:$G$1236,6,0) -> 110734.5 | E50: =VLOOKUP(B50,Dcu!$A$7:$G$1960,7,0) -> 6388.95 | F50: =VLOOKUP(B50,VL!$B$7:$G$1005,6,0) -> 218879.28 | G50: =TB!I117 -> 33874.34 | H50: =VLOOKUP(B50,TB!$B$4:$I$2042,8,0) -> 41153.8 | I50: =D50+E50+F50+G50 -> 369877.07 | J50: =I50*20% -> 73975.414 | K50: =ROUND((J50+I50),-2) -> 443900
A51: 5 | B51: 2NT7a2 | C51: Coliform (TCVN 6187-2:2009) | D51: =VLOOKUP(B51,LDKT!$B$6:$G$1236,6,0) -> 110734.5 | E51: =VLOOKUP(B51,Dcu!$A$7:$G$1960,7,0) -> 6388.95 | F51: =VLOOKUP(B51,VL!$B$7:$G$1005,6,0) -> 231285.24 | G51: =TB!I117 -> 33874.34 | H51: =VLOOKUP(B51,TB!$B$4:$I$2042,8,0) -> 41153.8 | I51: =D51+E51+F51+G51 -> 382283.03 | J51: =I51*20% -> 76456.606 | K51: =ROUND((J51+I51),-2) -> 458700
A52: 6 | B52: 2NT7b1 | C52: E.Coli (TCVN 6187-1:2009) | D52: =VLOOKUP(B52,LDKT!$B$6:$G$1236,6,0) -> 110734.5 | E52: =VLOOKUP(B52,Dcu!$A$7:$G$1960,7,0) -> 6388.95 | F52: =VLOOKUP(B52,VL!$B$7:$G$1005,6,0) -> 218879.28 | G52: =TB!I117 -> 33874.34 | H52: =VLOOKUP(B52,TB!$B$4:$I$2042,8,0) -> 41153.8 | I52: =D52+E52+F52+G52 -> 369877.07 | J52: =I52*20% -> 73975.414 | K52: =ROUND((J52+I52),-2) -> 443900
A53: 7 | B53: 2NT7b2 | C53: E.Coli (TCVN 6187-2:2009) | D53: =VLOOKUP(B53,LDKT!$B$6:$G$1236,6,0) -> 110734.5 | E53: =VLOOKUP(B53,Dcu!$A$7:$G$1960,7,0) -> 6388.95 | F53: =VLOOKUP(B53,VL!$B$7:$G$1005,6,0) -> 231285.24 | G53: =TB!I117 -> 33874.34 | H53: =VLOOKUP(B53,TB!$B$4:$I$2042,8,0) -> 41153.8 | I53: =D53+E53+F53+G53 -> 382283.03 | J53: =I53*20% -> 76456.606 | K53: =ROUND((J53+I53),-2) -> 458700
A54: 8 | B54: 2NT8 | C54: Tổng Dầu, mỡ khoáng | D54: =VLOOKUP(B54,LDKT!$B$6:$G$1236,6,0) -> 110734.5 | E54: =VLOOKUP(B54,Dcu!$A$7:$G$1960,7,0) -> 48598.588 | F54: =VLOOKUP(B54,VL!$B$7:$G$1005,6,0) -> 213792.48 | G54: =TB!I129 -> 50085.5 | H54: =VLOOKUP(B54,TB!$B$4:$I$2042,8,0) -> 25732.6 | I54: =D54+E54+F54+G54 -> 423211.07 | J54: =I54*20% -> 84642.214 | K54: =ROUND((J54+I54),-2) -> 507900
A55: 9 | B55: 2NT9 | C55: Cyanua (CN-) | D55: =VLOOKUP(B55,LDKT!$B$6:$G$1236,6,0) -> 114425.65 | E55: =VLOOKUP(B55,Dcu!$A$7:$G$1960,7,0) -> 38706.307 | F55: =VLOOKUP(B55,VL!$B$7:$G$1005,6,0) -> 172352.88 | G55: =TB!I138 -> 15200.26 | H55: =VLOOKUP(B55,TB!$B$4:$I$2042,8,0) -> 23858.4 | I55: =D55+E55+F55+G55 -> 340685.1 | J55: =I55*20% -> 68137.019 | K55: =ROUND((J55+I55),-2) -> 408800
A56: 10 | B56: 2NT10a | C56: Tổng P | D56: =VLOOKUP(B56,LDKT!$B$6:$G$1236,6,0) -> 114425.65 | E56: =VLOOKUP(B56,Dcu!$A$7:$G$1960,7,0) -> 36474.63 | F56: =VLOOKUP(B56,VL!$B$7:$G$1005,6,0) -> 33656.58 | G56: =TB!I148 -> 18968.16 | H56: =VLOOKUP(B56,TB!$B$4:$I$2042,8,0) -> 35450.4 | I56: =D56+E56+F56+G56 -> 203525.02 | J56: =I56*20% -> 40705.004 | K56: =ROUND((J56+I56),-2) -> 244200
A57: 11 | B57: 2NT10b | C57: Tổng N | D57: =VLOOKUP(B57,LDKT!$B$6:$G$1236,6,0) -> 114425.65 | E57: =VLOOKUP(B57,Dcu!$A$7:$G$1960,7,0) -> 42387.29 | F57: =VLOOKUP(B57,VL!$B$7:$G$1005,6,0) -> 49011.48 | G57: =TB!I158 -> 23526.4 | H57: =VLOOKUP(B57,TB!$B$4:$I$2042,8,0) -> 37324.6 | I57: =D57+E57+F57+G57 -> 229350.82 | J57: =I57*20% -> 45870.164 | K57: =ROUND((J57+I57),-2) -> 275200
A58: 12 | B58: 2NT10c | C58: Nitơ amôn (NH4+) | D58: =VLOOKUP(B58,LDKT!$B$6:$G$1236,6,0) -> 81182.5 | E58: =VLOOKUP(B58,Dcu!$A$7:$G$1960,7,0) -> 41339.364 | F58: =VLOOKUP(B58,VL!$B$7:$G$1005,6,0) -> 48587.04 | G58: =TB!I166 -> 12345.846 | H58: =VLOOKUP(B58,TB!$B$4:$I$2042,8,0) -> 20895.9 | I58: =D58+E58+F58+G58 -> 183454.75 | J58: =I58*20% -> 36690.95 | K58: =ROUND((J58+I58),-2) -> 220100
A59: 13 | B59: 2NT10d | C59: Sunlfua (S2-) | D59: =VLOOKUP(B59,LDKT!$B$6:$G$1236,6,0) -> 92278.75 | E59: =VLOOKUP(B59,Dcu!$A$7:$G$1960,7,0) -> 40275.162 | F59: =VLOOKUP(B59,VL!$B$7:$G$1005,6,0) -> 43020.072 | G59: =TB!I175 -> 11336.784 | H59: =VLOOKUP(B59,TB!$B$4:$I$2042,8,0) -> 23858.4 | I59: =D59+E59+F59+G59 -> 186910.77 | J59: =I59*20% -> 37382.154 | K59: =ROUND((J59+I59),-2) -> 224300
A60: 14 | B60: 2NT10đ | C60: Crom (VI) | D60: =VLOOKUP(B60,LDKT!$B$6:$G$1236,6,0) -> 92278.75 | E60: =VLOOKUP(B60,Dcu!$A$7:$G$1960,7,0) -> 25007.954 | F60: =VLOOKUP(B60,VL!$B$7:$G$1005,6,0) -> 52239.6 | G60: =TB!I175 -> 11336.784 | H60: =VLOOKUP(B60,TB!$B$4:$I$2042,8,0) -> 20895.9 | I60: =D60+E60+F60+G60 -> 180863.09 | J60: =I60*20% -> 36172.618 | K60: =ROUND((J60+I60),-2) -> 217000
A61: 15 | B61: 2NT10e | C61: Nitrate (NO3) | D61: =VLOOKUP(B61,LDKT!$B$6:$G$1236,6,0) -> 92278.75 | E61: =VLOOKUP(B61,Dcu!$A$7:$G$1960,7,0) -> 61600.55 | F61: =VLOOKUP(B61,VL!$B$7:$G$1005,6,0) -> 139330.8 | G61: =TB!I185 -> 11336.784 | H61: =VLOOKUP(B61,TB!$B$4:$I$2042,8,0) -> 22395.9 | I61: =D61+E61+F61+G61 -> 304546.88 | J61: =I61*20% -> 60909.377 | K61: =ROUND((J61+I61),-2) -> 365500
A62: 16 | B62: 2NT10f | C62: Sulphat (SO42) | D62: =VLOOKUP(B62,LDKT!$B$6:$G$1236,6,0) -> 92278.75 | E62: =VLOOKUP(B62,Dcu!$A$7:$G$1960,7,0) -> 24571.8 | F62: =VLOOKUP(B62,VL!$B$7:$G$1005,6,0) -> 79833.6 | G62: =TB!I194 -> 13378.802 | H62: =VLOOKUP(B62,TB!$B$4:$I$2042,8,0) -> 22473.4 | I62: =D62+E62+F62+G62 -> 210062.95 | J62: =I62*20% -> 42012.59 | K62: =ROUND((J62+I62),-2) -> 252100
A63: 17 | B63: 2NT10g | C63: Photphat (PO43-) | D63: =VLOOKUP(B63,LDKT!$B$6:$G$1236,6,0) -> 92278.75 | E63: =VLOOKUP(B63,Dcu!$A$7:$G$1960,7,0) -> 25007.954 | F63: =VLOOKUP(B63,VL!$B$7:$G$1005,6,0) -> 25360.56 | G63: =TB!I203 -> 15992.438 | H63: =VLOOKUP(B63,TB!$B$4:$I$2042,8,0) -> 43003.4 | I63: =D63+E63+F63+G63 -> 158639.7 | J63: =I63*20% -> 31727.94 | K63: =ROUND((J63+I63),-2) -> 190400
A64: 18 | B64: 2NT10h | C64: Florua (F-) | D64: =VLOOKUP(B64,LDKT!$B$6:$G$1236,6,0) -> 92278.75 | E64: =VLOOKUP(B64,Dcu!$A$7:$G$1960,7,0) -> 25007.954 | F64: =VLOOKUP(B64,VL!$B$7:$G$1005,6,0) -> 134697.6 | G64: =TB!I212 -> 11336.784 | H64: =VLOOKUP(B64,TB!$B$4:$I$2042,8,0) -> 23858.4 | I64: =D64+E64+F64+G64 -> 263321.09 | J64: =I64*20% -> 52664.218 | K64: =ROUND((J64+I64),-2) -> 316000
A65: 19 | B65: 2NT10i | C65: Clorua (Cl-) | D65: =VLOOKUP(B65,LDKT!$B$6:$G$1236,6,0) -> 92278.75 | E65: =VLOOKUP(B65,Dcu!$A$7:$G$1960,7,0) -> 18776.327 | F65: =VLOOKUP(B65,VL!$B$7:$G$1005,6,0) -> 89158.32 | G65: =TB!I220 -> 9662.366 | H65: =VLOOKUP(B65,TB!$B$4:$I$2042,8,0) -> 21843.4 | I65: =D65+E65+F65+G65 -> 209875.76 | J65: =I65*20% -> 41975.153 | K65: =ROUND((J65+I65),-2) -> 251900
A66: 20 | B66: 2NT10j | C66: Clo dư (Cl2) | D66: =VLOOKUP(B66,LDKT!$B$6:$G$1236,6,0) -> 92278.75 | E66: =VLOOKUP(B66,Dcu!$A$7:$G$1960,7,0) -> 17974.3 | F66: =VLOOKUP(B66,VL!$B$7:$G$1005,6,0) -> 33021 | G66: =TB!I228 -> 5986.366 | H66: =VLOOKUP(B66,TB!$B$4:$I$2042,8,0) -> 28311.4 | I66: =D66+E66+F66+G66 -> 149260.42 | J66: =I66*20% -> 29852.083 | K66: =ROUND((J66+I66),-2) -> 179100
A67: 21 | B67: 2NT10k1 | C67: Kim loại nặng (Pb) | D67: =VLOOKUP(B67,LDKT!$B$6:$G$1236,6,0) -> 124050 | E67: =VLOOKUP(B67,Dcu!$A$7:$G$1960,7,0) -> 52033.1 | F67: =VLOOKUP(B67,VL!$B$7:$G$1005,6,0) -> 70416 | G67: =TB!I240 -> 36943.8 | H67: =VLOOKUP(B67,TB!$B$4:$I$2042,8,0) -> 63505.28 | I67: =D67+E67+F67+G67 -> 283442.9 | J67: =I67*20% -> 56688.58 | K67: =ROUND((J67+I67),-2) -> 340100
A68: 22 | B68: 2NT10k2 | C68: Kim loại nặng (Cd) | D68: =VLOOKUP(B68,LDKT!$B$6:$G$1236,6,0) -> 124050 | E68: =VLOOKUP(B68,Dcu!$A$7:$G$1960,7,0) -> 52033.1 | F68: =VLOOKUP(B68,VL!$B$7:$G$1005,6,0) -> 70416 | G68: =TB!I240 -> 36943.8 | H68: =VLOOKUP(B68,TB!$B$4:$I$2042,8,0) -> 63505.28 | I68: =D68+E68+F68+G68 -> 283442.9 | J68: =I68*20% -> 56688.58 | K68: =ROUND((J68+I68),-2) -> 340100
A69: 23 | B69: 2NT10l1 | C69: Kim loại nặng (As) | D69: =VLOOKUP(B69,LDKT!$B$6:$G$1236,6,0) -> 124050 | E69: =VLOOKUP(B69,Dcu!$A$7:$G$1960,7,0) -> 120622.5 | F69: =VLOOKUP(B69,VL!$B$7:$G$1005,6,0) -> 76944.6 | G69: =TB!I254 -> 53596.08 | H69: =VLOOKUP(B69,TB!$B$4:$I$2042,8,0) -> 90985.28 | I69: =D69+E69+F69+G69 -> 375213.18 | J69: =I69*20% -> 75042.636 | K69: =ROUND((J69+I69),-2) -> 450300
A70: 24 | B70: 2NT10l2 | C70: Kim loại nặng (Hg) | D70: =VLOOKUP(B70,LDKT!$B$6:$G$1236,6,0) -> 124050 | E70: =VLOOKUP(B70,Dcu!$A$7:$G$1960,7,0) -> 120622.5 | F70: =VLOOKUP(B70,VL!$B$7:$G$1005,6,0) -> 63045 | G70: =TB!I254 -> 53596.08 | H70: =VLOOKUP(B70,TB!$B$4:$I$2042,8,0) -> 90985.28 | I70: =D70+E70+F70+G70 -> 361313.58 | J70: =I70*20% -> 72262.716 | K70: =ROUND((J70+I70),-2) -> 433600
A71: 25 | B71: 2NT10m1 | C71: Kim loại (Cu) | D71: =VLOOKUP(B71,LDKT!$B$6:$G$1236,6,0) -> 110734.5 | E71: =VLOOKUP(B71,Dcu!$A$7:$G$1960,7,0) -> 43936.473 | F71: =VLOOKUP(B71,VL!$B$7:$G$1005,6,0) -> 40500 | G71: =TB!I267 -> 34664.68 | H71: =VLOOKUP(B71,TB!$B$4:$I$2042,8,0) -> 63505.28 | I71: =D71+E71+F71+G71 -> 229835.65 | J71: =I71*20% -> 45967.131 | K71: =ROUND((J71+I71),-2) -> 275800
A72: 26 | B72: 2NT10m2 | C72: Kim loại (Zn) | D72: =VLOOKUP(B72,LDKT!$B$6:$G$1236,6,0) -> 110734.5 | E72: =VLOOKUP(B72,Dcu!$A$7:$G$1960,7,0) -> 43936.473 | F72: =VLOOKUP(B72,VL!$B$7:$G$1005,6,0) -> 40500 | G72: =TB!I267 -> 34664.68 | H72: =VLOOKUP(B72,TB!$B$4:$I$2042,8,0) -> 63505.28 | I72: =D72+E72+F72+G72 -> 229835.65 | J72: =I72*20% -> 45967.131 | K72: =ROUND((J72+I72),-2) -> 275800
A73: 27 | B73: 2NT10m3 | C73: Kim loại (Mn) | D73: =VLOOKUP(B73,LDKT!$B$6:$G$1236,6,0) -> 110734.5 | E73: =VLOOKUP(B73,Dcu!$A$7:$G$1960,7,0) -> 43936.473 | F73: =VLOOKUP(B73,VL!$B$7:$G$1005,6,0) -> 40500 | G73: =TB!I267 -> 34664.68 | H73: =VLOOKUP(B73,TB!$B$4:$I$2042,8,0) -> 63505.28 | I73: =D73+E73+F73+G73 -> 229835.65 | J73: =I73*20% -> 45967.131 | K73: =ROUND((J73+I73),-2) -> 275800
A74: 28 | B74: 2NT10m4 | C74: Kim loại (Fe) | D74: =VLOOKUP(B74,LDKT!$B$6:$G$1236,6,0) -> 110734.5 | E74: =VLOOKUP(B74,Dcu!$A$7:$G$1960,7,0) -> 43936.473 | F74: =VLOOKUP(B74,VL!$B$7:$G$1005,6,0) -> 40500 | G74: =TB!I267 -> 34664.68 | H74: =VLOOKUP(B74,TB!$B$4:$I$2042,8,0) -> 63505.28 | I74: =D74+E74+F74+G74 -> 229835.65 | J74: =I74*20% -> 45967.131 | K74: =ROUND((J74+I74),-2) -> 275800
A75: 29 | B75: 2NT10m5 | C75: Kim loại (Cr) | D75: =VLOOKUP(B75,LDKT!$B$6:$G$1236,6,0) -> 110734.5 | E75: =VLOOKUP(B75,Dcu!$A$7:$G$1960,7,0) -> 43936.473 | F75: =VLOOKUP(B75,VL!$B$7:$G$1005,6,0) -> 40500 | G75: =TB!I267 -> 34664.68 | H75: =VLOOKUP(B75,TB!$B$4:$I$2042,8,0) -> 63505.28 | I75: =D75+E75+F75+G75 -> 229835.65 | J75: =I75*20% -> 45967.131 | K75: =ROUND((J75+I75),-2) -> 275800
A76: 30 | B76: 2NT10m6 | C76: Kim loại (Ni) | D76: =VLOOKUP(B76,LDKT!$B$6:$G$1236,6,0) -> 110734.5 | E76: =VLOOKUP(B76,Dcu!$A$7:$G$1960,7,0) -> 43936.473 | F76: =VLOOKUP(B76,VL!$B$7:$G$1005,6,0) -> 40500 | G76: =TB!I267 -> 34664.68 | H76: =VLOOKUP(B76,TB!$B$4:$I$2042,8,0) -> 63505.28 | I76: =D76+E76+F76+G76 -> 229835.65 | J76: =I76*20% -> 45967.131 | K76: =ROUND((J76+I76),-2) -> 275800
A77: 31 | B77: 2NT11 | C77: Phenol | D77: =VLOOKUP(B77,LDKT!$B$6:$G$1236,6,0) -> 124050 | E77: =VLOOKUP(B77,Dcu!$A$7:$G$1960,7,0) -> 56499.718 | F77: =VLOOKUP(B77,VL!$B$7:$G$1005,6,0) -> 162939.6 | G77: =TB!I281 -> 27753.8 | H77: =VLOOKUP(B77,TB!$B$4:$I$2042,8,0) -> 23858.4 | I77: =D77+E77+F77+G77 -> 371243.12 | J77: =I77*20% -> 74248.624 | K77: =ROUND((J77+I77),-2) -> 445500
A78: 32 | B78: 2NT12 | C78: Chất hoạt động bề mặt | D78: =VLOOKUP(B78,LDKT!$B$6:$G$1236,6,0) -> 124050 | E78: =VLOOKUP(B78,Dcu!$A$7:$G$1960,7,0) -> 68210.255 | F78: =VLOOKUP(B78,VL!$B$7:$G$1005,6,0) -> 183787.92 | G78: =TB!I290 -> 31705.5 | H78: =VLOOKUP(B78,TB!$B$4:$I$2042,8,0) -> 23858.4 | I78: =D78+E78+F78+G78 -> 407753.67 | J78: =I78*20% -> 81550.735 | K78: =ROUND((J78+I78),-2) -> 489300
A79: 33 | B79: 2NT13a | C79: Hóa Chất BVTV clo hữu cơ | D79: =VLOOKUP(B79,LDKT!$B$6:$G$1236,6,0) -> 206750 | E79: =VLOOKUP(B79,Dcu!$A$7:$G$1960,7,0) -> 166970.95 | F79: =VLOOKUP(B79,VL!$B$7:$G$1005,6,0) -> 1363284 | G79: =TB!I304 -> 74402.24 | H79: =VLOOKUP(B79,TB!$B$4:$I$2042,8,0) -> 83267.68 | I79: =D79+E79+F79+G79 -> 1811407.2 | J79: =I79*20% -> 362281.44 | K79: =ROUND((J79+I79),-2) -> 2173700
A80: 34 | B80: 2NT13b | C80: Hóa Chất BVTV phot pho hữu cơ | D80: =VLOOKUP(B80,LDKT!$B$6:$G$1236,6,0) -> 206750 | E80: =VLOOKUP(B80,Dcu!$A$7:$G$1960,7,0) -> 166970.95 | F80: =VLOOKUP(B80,VL!$B$7:$G$1005,6,0) -> 1448280 | G80: =TB!I304 -> 74402.24 | H80: =VLOOKUP(B80,TB!$B$4:$I$2042,8,0) -> 83267.68 | I80: =D80+E80+F80+G80 -> 1896403.2 | J80: =I80*20% -> 379280.64 | K80: =ROUND((J80+I80),-2) -> 2275700
A81: 35 | B81: 2NT13c | C81: PCBs | D81: =VLOOKUP(B81,LDKT!$B$6:$G$1236,6,0) -> 206750 | E81: =VLOOKUP(B81,Dcu!$A$7:$G$1960,7,0) -> 166970.95 | F81: =VLOOKUP(B81,VL!$B$7:$G$1005,6,0) -> 1448280 | G81: =TB!I304 -> 74402.24 | H81: =VLOOKUP(B81,TB!$B$4:$I$2042,8,0) -> 83267.68 | I81: =D81+E81+F81+G81 -> 1896403.2 | J81: =I81*20% -> 379280.64 | K81: =ROUND((J81+I81),-2) -> 2275700
A82: 36 | B82: 2NT14 | C82: Phân tích đồng thời các kim loại ( Giá tính cho 01 mẫu) | D82: =VLOOKUP(B82,LDKT!$B$6:$G$1236,6,0) -> 206750 | E82: =VLOOKUP(B82,Dcu!$A$7:$G$1960,7,0) -> 34297.288 | F82: =VLOOKUP(B82,VL!$B$7:$G$1005,6,0) -> 812268 | G82: =TB!I318 -> 102468.5 | H82: =VLOOKUP(B82,TB!$B$4:$I$2042,8,0) -> 75825.28 | I82: =D82+E82+F82+G82 -> 1155783.8 | J82: =I82*20% -> 231156.76 | K82: =ROUND((J82+I82),-2) -> 1386900
A83: *Thuốc BVTV nhóm Clo hữu cơ: 666, Lindan, Aldrin, Dieldrin, DDE, DDD, DDT, Endosulfan, Endrin, BCH, Heptaclor,Heptaclor Epoxide, Methoxyclor….
A84: **Thuốc BVTV cơ photpho: Paration, Methyl paration, Etyl paration, Malation, Diazinon, TrichlorfonTrichlorfon, Dimethoate…
A85: ***Tổng hàm lượng các PCBs gồm: 28; 52; 101; 118; 138; 153; 180 và 209….
